zpen (mm),Force (N),dI/dV (S)
-5.538,1.271,4.46
-5.482,1.406,4.442
-5.435,1.467,4.442
-5.447,1.455,4.442
-5.447,1.45,4.424
-5.447,1.453,4.388
-5.47,1.441,4.445
-5.423,1.448,4.469
-5.388,1.427,4.388
-5.342,1.351,4.474
-5.43,1.396,4.426
-5.402,1.47,4.463
-5.455,1.447,4.403
-5.485,1.497,4.399
-5.491,1.426,4.275
-5.491,1.418,4.424
-5.59,1.314,4.5
-5.429,1.415,4.39
-5.352,1.486,4.37
-5.345,1.354,4.359
-5.391,1.351,4.355
-5.401,1.331,4.447
-5.399,1.336,4.366
-5.284,1.402,4.345
-5.318,1.321,4.406
-5.393,1.325,4.429
-5.381,1.388,4.444
-5.347,1.404,4.434
-5.31,1.402,4.377
-5.355,1.343,4.479
-5.355,1.344,4.406
-5.284,1.433,4.41
-5.219,1.336,4.463
-5.242,1.346,4.399
-5.225,1.404,4.359
-5.224,1.326,4.451
-5.315,1.31,4.435
-5.298,1.412,4.442
-5.298,1.396,4.415
-5.303,1.408,4.379
-5.296,1.37,4.369
-5.282,1.32,4.377
-5.309,1.321,4.355
-5.315,1.331,4.421
-5.307,1.3,4.373
-5.27,1.364,4.411
-5.245,1.299,4.381
-5.237,1.346,4.398
-5.26,1.32,4.375
-5.272,1.343,4.396
-5.248,1.305,4.492
-5.229,1.324,4.314
-5.121,1.397,4.367
-5.12,1.192,4.382
-5.201,1.289,4.306
-5.207,1.302,4.386
-5.347,1.275,4.435
-5.427,1.386,4.35
-5.344,1.402,4.433
-5.313,1.301,4.392
-5.295,1.389,4.431
-5.249,1.327,4.381
-5.22,1.365,4.352
-5.232,1.308,4.397
-5.272,1.289,4.422
-5.267,1.34,4.414
-5.256,1.363,4.43
-5.255,1.359,4.368
-5.198,1.351,4.35
-5.188,1.28,4.429
-5.21,1.268,4.395
-5.21,1.357,4.46
-5.411,1.397,4.428
-5.418,1.472,4.278
-5.426,1.429,4.363
-5.479,1.275,4.294
-5.442,1.357,4.391
-5.445,1.281,4.461
-5.382,1.362,4.32
-5.259,1.406,4.402
-5.277,1.256,4.327
-5.362,1.384,4.401
-5.466,1.332,4.389
-5.489,1.426,4.45
-5.442,1.387,4.41
-5.357,1.43,4.54
-5.332,1.382,4.468
-5.284,1.52,4.453
-5.227,1.413,4.548
-5.245,1.409,4.501
-5.178,1.486,4.486
-5.151,1.428,4.416
-5.235,1.452,4.523
-5.48,1.469,4.522
-5.566,1.606,4.596
-5.516,1.579,4.474
-5.458,1.649,4.587
-5.454,1.504,4.558
-5.334,1.58,4.514
-5.166,1.499,4.69
-5.148,1.445,4.525
-5.035,1.613,4.477
-4.977,1.403,4.584
-5.103,1.401,4.561
-5.13,1.525,4.567
-5.065,1.476,4.546
-5.073,1.491,4.663
-5.103,1.477,4.699
-5.073,1.599,4.656
-4.939,1.588,4.608
-4.91,1.544,4.631
-4.966,1.508,4.69
-4.995,1.542,4.586
-4.949,1.59,4.688
-4.986,1.494,4.682
-4.998,1.615,4.782
-4.928,1.572,4.636
-4.83,1.661,4.705
-4.894,1.522,4.795
-4.904,1.596,4.801
-4.771,1.644,4.707
-4.647,1.614,4.786
-4.698,1.539,4.811
-4.625,1.592,4.786
-4.51,1.584,4.783
-4.45,1.537,4.757
-4.421,1.524,4.741
-4.423,1.496,4.725
-4.479,1.501,4.832
-4.578,1.521,4.815
-4.536,1.625,4.867
-4.483,1.581,4.855
-4.472,1.651,4.788
-4.514,1.656,4.843
-4.568,1.59,4.805
-4.573,1.65,4.845
-4.543,1.591,4.678
-4.513,1.632,4.89
-4.617,1.481,4.819
-4.697,1.767,4.92
-4.655,1.649,4.809
-4.575,1.742,4.864
-4.568,1.613,4.877
-4.592,1.692,4.937
-4.561,1.687,4.836
-4.393,1.695,4.943
-4.395,1.586,5.021
-4.406,1.722,4.942
-4.263,1.756,4.888
-4.147,1.637,4.837
-4.172,1.579,4.792
-4.226,1.536,4.875
-4.358,1.534,4.907
-4.442,1.651,4.926
-4.394,1.672,4.895
-4.359,1.689,4.873
-4.322,1.635,4.921
-4.346,1.624,4.95
-4.277,1.646,4.898
-4.203,1.656,4.85
-4.189,1.601,4.933
-4.306,1.595,4.922
-4.356,1.706,5.001
-4.337,1.682,4.844
-4.229,1.732,5.03
-4.331,1.608,4.926
-4.34,1.823,4.911
-4.261,1.654,5.022
-4.355,1.688,4.969
-4.319,1.796,5.014
-4.216,1.688,4.951
-4.168,1.731,4.947
-4.172,1.664,4.859
-4.214,1.678,4.988
-4.33,1.618,4.956
-4.342,1.762,5.032
-4.274,1.696,4.957
-4.126,1.734,4.877
-4.11,1.646,4.963
-4.197,1.594,4.88
-4.205,1.696,4.908
-4.226,1.611,4.909
-4.335,1.676,4.983
-4.347,1.678,4.885
-4.249,1.725,5.045
-4.244,1.612,5.053
-4.224,1.797,4.966
-4.116,1.763,4.984
-4.058,1.661,4.992
-4.091,1.688,4.975
-4.08,1.694,5.032
-4.072,1.671,5.013
-4.049,1.73,4.94
-4.038,1.705,4.986
-4.098,1.646,5.068
-4.147,1.708,4.983
-3.961,1.725,4.893
-3.991,1.662,4.996
-4.003,1.553,4.965
-3.972,1.656,5.054
-3.973,1.632,4.898
-3.925,1.716,4.953
-3.961,1.547,4.997
-4.014,1.627,4.976
-3.946,1.645,5.009
-3.951,1.63,4.991
-3.947,1.669,4.992
-3.919,1.635,5.034
-3.931,1.648,4.988
-3.884,1.674,5.015
-3.884,1.622,4.915
-3.896,1.661,4.936
-4.036,1.605,5.006
-4.165,1.672,4.928
-4.157,1.74,4.936
-4.129,0,5.062
-4.165,1.658,4.987
-4.041,1.756,4.91
-4.009,1.663,4.978
-4.097,1.611,4.959
-4.137,1.699,4.915
-4.129,1.673,4.93
-4.19,1.647,5.036
-4.19,1.659,5.089
-4.15,1.772,5.037
-4.058,1.8,5.051
-4.022,1.727,4.973
-4.007,1.74,5.035
-4.027,1.661,4.936
-4.038,1.734,4.986
-4.085,1.635,5.014
-4.156,1.723,4.972
-4.131,1.736,4.961
-4.161,1.703,4.976
-4.228,1.717,5.06
-4.29,1.753,4.998
-4.122,1.775,4.962
-4.177,1.748,4.995
-4.294,1.746,4.987
-4.343,1.797,5.052
-4.423,1.82,4.941
-4.44,1.898,5.034
-4.472,1.77,5.001
-4.504,1.892,4.942
-4.453,1.827,4.99
-4.485,1.774,5.035
-4.54,1.855,4.966
-4.516,1.896,4.943
-4.535,1.826,4.962
-4.671,1.851,4.984
-4.718,1.884,5.141
-4.747,1.918,5.09
-4.501,1.988,4.999
-4.368,1.904,4.924
-4.424,1.823,5.004
-4.549,1.778,4.884
-4.511,1.841,4.903
-4.591,1.752,4.989
-4.737,1.826,4.99
-4.788,1.928,4.948
-4.702,1.885,4.854
-4.723,1.857,4.812
-4.844,1.796,4.846
-5.005,1.802,4.942
-5.206,1.909,4.848
-5.231,2.024,4.961
-5.239,1.907,4.876
-5.211,2.035,4.879
-5.152,1.908,4.851
-5.222,1.952,4.886
-5.306,1.944,4.834
-5.362,2,4.802
-5.352,1.932,4.809
-5.43,1.932,4.858
-5.466,1.947,4.847
-5.472,1.997,4.8
-5.497,1.998,4.749
-5.577,1.976,4.802
-5.715,1.963,4.646
-5.8,2.051,4.673
-5.908,1.902,4.736
-6.08,2.004,4.747
-6.092,2.072,4.679
-6.038,2.06,4.644
-6.088,2.005,4.619
-6.151,1.983,4.624
-6.197,1.962,4.681
-6.209,1.966,4.667
-6.203,2.032,4.523
-6.259,2.045,4.575
-6.413,1.933,4.586
-6.55,2.034,4.631
-6.448,1.987,4.534
-6.373,2.026,4.549
-6.393,1.924,4.503
-6.471,1.974,4.477
-6.611,1.964,4.526
-6.708,1.963,4.456
-6.749,2.033,4.474
-6.8,1.967,4.465
-6.851,2.004,4.42
-6.87,1.998,4.389
-6.92,1.961,4.533
-6.969,1.941,4.474
-6.881,2.068,4.337
-6.862,2.003,4.567
-6.97,1.887,4.417
-6.865,2.091,4.494
-6.847,1.933,4.462
-6.93,2.064,4.535
-6.89,1.993,4.463
-6.818,2.056,4.48
-6.812,1.975,4.402
-6.774,1.976,4.54
-6.701,1.848,4.457
-6.55,1.96,4.464
-6.49,1.855,4.461
-6.478,1.857,4.398
-6.508,1.867,4.585
-6.55,1.809,4.512
-6.47,1.996,4.441
-6.362,1.871,4.5
-6.43,1.821,4.406
-6.462,1.9,4.442
-6.492,1.796,4.38
-6.509,1.845,4.443
-6.489,1.755,4.485
-6.428,1.809,4.509
-6.36,1.834,4.442
-6.346,1.862,4.451
-6.339,1.783,4.49
-6.326,1.788,4.588
-6.286,1.82,4.475
-6.203,1.906,4.501
-6.187,1.765,4.549
-6.152,1.785,4.445
-6.112,1.83,4.596
-6.126,1.715,4.522
-6.034,1.853,4.541
-5.887,1.711,4.589
-5.857,0,4.556
-5.782,1.763,4.625
-5.753,1.714,4.597
-5.726,1.793,4.647
-5.694,1.744,4.559
-5.674,1.8,4.518
-5.672,1.696,4.577
-5.672,1.645,4.629
-5.64,1.701,4.659
-5.62,1.796,4.604
-5.607,1.794,4.541
-5.612,1.73,4.53
-5.635,1.663,4.603
-5.682,1.671,4.643
-5.668,1.748,4.531
-5.586,1.763,4.506
-5.606,1.641,4.502
-5.699,1.652,4.55
-5.788,1.675,4.519
-5.795,1.726,4.502
-5.83,1.71,4.539
-5.83,1.683,4.568
-5.694,1.673,4.472
-5.675,1.709,4.515
-5.682,1.596,4.482
-5.694,1.652,4.58
-5.707,1.617,4.63
-5.707,1.735,4.598
-5.672,1.781,4.52
-5.665,1.743,4.497
-5.748,1.679,4.597
-5.766,1.655,4.595
-5.743,1.769,4.517
-5.724,1.759,4.486
-5.759,1.68,4.636
-5.767,1.642,4.57
-5.682,1.788,4.532
-5.631,1.693,4.49
-5.678,1.67,4.528
-5.69,1.619,4.51
-5.683,1.664,4.599
-5.701,1.651,4.513
-5.664,1.738,4.515
-5.657,1.642,4.603
-5.674,1.647,4.604
-5.602,1.723,4.527
-5.607,1.734,4.552
-5.642,1.654,4.518
-5.642,1.677,4.557
-5.654,1.643,4.583
-5.654,1.689,4.581
-5.635,1.713,4.64
-5.635,1.712,4.65
-5.635,1.784,4.582
-5.628,1.794,4.587
-5.652,1.72,4.624
-5.664,1.73,4.613
-5.594,1.745,4.574
-5.567,1.725,4.543
-5.56,1.678,4.559
-5.597,1.658,4.628
-5.665,1.621,4.585
-5.676,1.727,4.55
-5.644,1.647,4.532
-5.731,1.632,4.534
-5.767,1.613,4.578
-5.814,1.631,4.571
-5.807,1.693,4.519
-5.754,1.659,4.489
-5.725,1.568,4.582
-5.736,1.531,4.588
-5.683,1.651,4.507
-5.636,1.64,4.551
-5.732,0,4.587
-5.708,1.614,4.538
-5.642,1.649,4.533
-5.722,1.526,4.509
-5.782,1.528,4.62
-5.796,1.489,4.585
-5.67,1.635,4.567
-5.682,1.592,4.666
-5.7,1.56,4.551
-5.628,1.714,4.519
-5.625,1.504,4.559
-5.817,1.517,4.625
-5.753,1.555,4.594
-5.692,1.668,4.561
-5.692,1.614,4.585
-5.778,1.585,4.563
-5.75,1.613,4.56
-5.75,1.572,4.575
-5.806,1.593,4.547
-5.821,1.618,4.609
-5.821,1.565,4.61
-5.749,1.65,4.657
-5.629,1.61,4.541
-5.478,1.641,4.649
-5.473,1.432,4.573
-5.485,1.64,4.608
-5.5,1.508,4.554
-5.556,1.591,4.529
-5.6,1.502,4.563
-5.684,1.492,4.467
-5.707,1.552,4.477
-5.829,1.428,4.427
-5.955,1.493,4.485
-6.015,1.41,4.497
-6.022,1.516,4.406
-5.997,1.529,4.534
-6.069,1.387,4.507
-6.069,1.625,4.49
-5.975,1.535,4.578
-6.019,1.531,4.55
-5.948,1.656,4.578
-5.866,1.58,4.6
-5.824,1.62,4.558
-5.754,1.633,4.554
-5.737,1.561,4.539
-5.756,1.556,4.522
-5.769,1.53,4.62
-5.813,1.514,4.532
-5.778,1.681,4.513
-5.766,1.512,4.487
-5.892,1.534,4.48
-5.894,1.469,4.459
-5.926,1.475,4.6
-5.97,1.451,4.633
-5.753,1.617,4.496
-5.614,1.646,4.567
-5.706,1.439,4.504
-5.829,1.603,4.52
-5.789,1.463,4.491
-5.842,1.523,4.533
-5.856,1.466,4.555
-5.795,1.523,4.548
-5.76,1.549,4.513
-5.742,1.538,4.571
-5.795,1.493,4.515
-5.795,1.6,4.602
-5.795,1.492,4.572
-5.72,1.62,4.507
-5.735,1.585,4.421
-5.823,1.495,4.459
-6.064,1.298,4.587
-6.292,1.461,4.477
-6.02,1.604,4.537
-6.14,1.461,4.594
-6.187,1.585,4.585
-6.003,1.626,4.529
-5.947,1.625,4.546
-5.982,1.499,4.486
-6.05,1.558,4.517
-6.082,1.435,4.527
-6.117,1.514,4.484
-6.098,1.527,4.514
-6.122,1.445,4.554
-6.134,1.512,4.526
-6.061,1.573,4.47
-6.055,1.513,4.505
-6.149,1.419,4.485
-6.13,1.486,4.528
-6.091,1.425,4.512
-6.049,1.507,4.538
-5.957,1.44,4.516
-5.935,1.498,4.592
-5.984,1.471,4.564
-6.021,1.655,4.538
-6.03,1.595,4.605
-6.234,1.624,4.62
-6.269,1.767,4.549
-6.212,1.778,4.437
-6.239,1.635,4.476
-6.462,1.474,4.493
-6.495,1.547,4.45
-6.435,1.56,4.512
-6.487,1.5,4.548
-6.426,1.605,4.54
-6.151,1.586,4.503
-6.103,1.561,4.577
-6.127,1.491,4.524
-6.083,1.636,4.516
-6.04,1.503,4.599
-6.062,1.504,4.591
-6.009,1.66,4.589
-5.868,1.589,4.541
-5.842,1.587,4.559
-5.876,1.499,4.519
-5.984,1.579,4.695
-6.087,1.522,4.656
-5.909,1.843,4.679
-5.698,1.679,4.616
-5.638,1.722,4.675
-5.615,1.579,4.657
-5.468,1.643,4.704
-5.371,1.574,4.713
-5.314,1.668,4.723
-5.222,1.653,4.737
-5.162,1.657,4.672
-5.047,1.646,4.695
-5.059,1.511,4.706
-5.184,1.625,4.821
-5.264,1.671,4.76
-5.115,1.862,4.787
-4.999,1.693,4.773
-5.029,1.775,4.821
-4.984,1.716,4.751
-4.87,1.784,4.781
-4.821,1.614,4.812
-4.929,1.732,4.835
-4.944,1.802,4.818
-4.859,1.812,4.838
-4.778,1.746,4.791
-4.649,1.75,4.805
-4.649,1.658,4.736
-4.683,1.695,4.852
-4.779,1.583,4.831
-4.805,1.839,4.954
-4.754,1.768,4.93
-4.544,1.971,4.894
-4.34,1.86,4.866
-4.252,1.763,4.932
-4.269,1.705,4.974
-4.194,1.817,4.883
-4.033,1.848,4.978
-4.144,1.725,4.978
-4.164,1.923,4.944
-4.048,1.865,4.874
-3.971,1.778,4.913
-4.122,1.686,4.974
-4.229,1.789,4.962
-4.194,1.917,4.842
-4.084,1.849,4.945
-4.296,1.699,4.959
-4.391,1.948,4.995
-4.245,1.898,4.992
-4.047,1.912,5
-3.99,1.899,4.922
-3.907,1.879,4.991
-3.927,1.717,4.957
-3.94,1.88,4.977
-3.932,1.806,4.914
-3.924,1.844,4.992
-3.972,1.721,5.008
-3.892,1.853,4.981
-3.808,1.867,5.065
-3.825,1.82,4.956
-3.757,1.976,4.941
-3.772,1.743,4.975
-4.01,1.806,5.013
-4.009,1.869,4.922
-3.985,1.949,4.894
-4.069,1.777,4.906
-4.314,1.796,4.947
-4.298,1.805,4.932
-4.237,1.875,4.959
-4.225,1.845,4.953
-4.189,1.89,4.976
-4.152,1.869,5.061
-4.14,1.916,5.013
-3.971,2.036,5.015
-3.874,1.911,5.018
-3.93,1.936,5.035
-3.906,1.925,5.02
-3.87,1.948,5.016
-3.898,1.931,4.976
-3.886,1.917,5.027
-3.914,1.837,5.098
-3.897,1.943,4.93
-3.656,1.991,5.005
-3.658,1.635,4.923
-3.79,1.861,5.025
-3.916,1.728,5.007
-3.826,1.9,4.96
-3.874,1.9,5.052
-3.941,1.81,5.101
-3.88,1.99,5.006
-3.704,2.028,4.924
-3.819,1.879,5.01
-3.976,1.749,4.917
-4.031,1.961,4.995
-4.093,1.765,5.085
-4.133,1.958,4.958
-4.052,2.115,5.076
-4.003,1.818,5.005
-4.019,2.093,4.991
-4.023,1.944,4.888
-4.046,1.925,4.98
-4.29,1.784,4.909
-4.383,2.004,4.986
-4.513,1.908,5.115
-4.616,2.117,5.016
-4.411,2.297,5.042
-4.14,1.979,5.018
-4.316,2.138,4.969
-4.35,2.082,4.97
-4.414,1.993,5.038
-4.567,2.053,5.058
-4.531,2.169,4.99
-4.388,2.155,4.957
-4.38,2.026,4.85
-4.552,2.014,4.927
-4.775,1.849,4.911
-4.937,2.072,4.823
-5.022,2.06,4.913
-5.307,1.984,4.93
-5.34,2.167,5.008
-5.192,2.143,4.996
-4.967,2.222,4.959
-4.713,2.123,4.793
-4.716,2.057,4.873
-4.972,1.793,4.887
-5.196,2.045,4.882
-5.236,2.066,4.881
-5.294,2.088,4.81
-5.43,2.136,4.821
-5.63,2.042,4.83
-5.769,2.11,4.738
-5.75,2.111,4.703
-5.964,2.004,4.831
-6.213,2.017,4.773
-6.204,2.267,4.622
-6.113,2.098,4.705
-6.299,1.854,4.712
-6.524,2.104,4.546
-6.474,2.071,4.647
-6.601,1.769,4.598
-6.827,2.085,4.584
-7.046,2.052,4.698
-7.158,2.056,4.537
-7.038,2.228,4.54
-7.036,1.885,4.605
-7.218,1.986,4.546
-7.287,2.108,4.511
-7.447,2.072,4.618
-7.621,2.046,4.497
-7.599,2.254,4.451
-7.758,2.063,4.457
-7.907,1.992,4.563
-7.95,2.017,4.519
-7.92,2.238,4.522
-7.857,2.116,4.512
-7.992,0,4.494
-8.013,2.165,4.435
-8.129,2.167,4.498
-8.355,2.123,4.453
-8.397,2.253,4.419
-8.432,2.172,4.458
-8.593,2.161,4.367
-8.714,2.269,4.457
-8.759,2.088,4.423
-8.815,2.305,4.451
-8.765,2.198,4.487
-8.734,2.258,4.444
-8.702,2.325,4.425
-8.674,2.223,4.382
-8.664,2.171,4.344
-8.707,2.094,4.42
-8.786,2.039,4.426
-8.782,2.201,4.488
-8.73,2.197,4.36
-8.555,2.262,4.429
-8.609,2.012,4.406
-8.68,2.193,4.393
-8.641,2.122,4.396
-8.725,2.133,4.422
-8.761,2.143,4.364
-8.749,2.194,4.357
-8.743,2.06,4.344
-8.796,2.065,4.3
-8.796,2.035,4.322
-8.879,1.974,4.358
-9.01,2.072,4.338
-9.023,2.149,4.328
-9.047,2.11,4.325
-9.076,2.097,4.335
-9.087,2.093,4.362
-9.039,2.093,4.541
-8.922,2.118,4.352
-8.629,2.393,4.378
-8.485,1.931,4.372
-8.632,2.074,4.368
-8.764,2.091,4.347
-8.795,2.095,4.386
-8.831,2.057,4.417
-8.807,2.135,4.433
-8.701,2.162,4.345
-8.619,2.175,4.415
-8.778,2.053,4.374
-8.786,2.192,4.493
-8.751,2.091,4.427
-8.693,2.334,4.423
-8.576,2.144,4.469
-8.524,2.118,4.504
-8.454,2.197,4.485
-8.361,2.239,4.491
-8.233,2.16,4.488
-8.229,2.177,4.52
-8.224,2.166,4.537
-8.189,2.225,4.509
-8.102,2.226,4.62
-8.044,2.15,4.485
-7.951,2.358,4.584
-7.911,2.051,4.656
-7.841,2.235,4.615
-7.591,2.303,4.66
-7.417,2.164,4.658
-7.342,2.242,4.635
-7.226,2.192,4.682
-7.186,2.139,4.635
-7.181,2.244,4.643
-7.2,2.147,4.754
-7.253,2.184,4.691
-7.067,2.347,4.716
-6.898,2.151,4.687
-6.851,2.203,4.763
-6.805,2.125,4.682
-6.684,2.243,4.747
-6.609,2.046,4.846
-6.632,2.203,4.845
-6.323,2.279,4.901
-6.02,2.182,4.816
-5.837,2.261,4.756
-5.804,2.075,4.945
-5.931,1.987,4.933
-5.622,2.26,4.856
-5.416,2.177,4.877
-5.598,2.106,4.829
-5.557,2.114,4.868
-5.561,2.031,4.876
-5.59,2.124,4.795
-5.59,2.135,4.844
-5.672,1.997,4.883
-5.717,2.11,4.825
-5.618,2.151,4.842
-5.586,2.023,4.855
-5.614,2.067,4.849
-5.566,2.075,4.881
-5.571,2.074,4.812
-5.542,2.131,4.871
-5.565,1.988,4.791
-5.57,2.119,4.793
-5.582,1.944,4.863
-5.664,1.986,4.806
-5.63,2.122,4.893
-5.671,2.016,4.807
-5.642,2.191,4.767
-5.614,1.993,4.898
-5.767,1.961,4.891
-5.628,2.186,4.892
-5.571,2.162,4.859
-5.594,2.176,4.809
-5.618,2.109,4.892
-5.641,2.008,4.768
-5.602,2.174,4.823
-5.621,1.909,4.873
-5.716,2.066,4.759
-5.566,2.101,4.778
-5.59,1.872,4.803
-5.788,1.997,4.855
-5.788,2.034,4.726
-5.747,2.14,4.805
-5.833,1.894,4.726
-5.891,2.076,4.696
-5.931,1.918,4.667
-6.076,1.906,4.787
-6.25,1.903,4.762
-6.156,2.103,4.677
-6.091,2.04,4.733
-6.288,1.943,4.653
-6.352,2.073,4.666
-6.359,1.892,4.677
-6.469,1.964,4.661
-6.475,1.981,4.674
-6.486,1.954,4.711
-6.498,1.984,4.652
-6.438,2.038,4.596
-6.548,1.963,4.55
-6.804,1.933,4.504
-6.978,1.882,4.584
-7.141,1.838,4.561
-7.193,2.013,4.528
-7.164,1.95,4.55
-7.193,1.897,4.469
-7.25,1.959,4.471
-7.314,1.808,4.514
-7.459,1.868,4.482
-7.518,1.976,4.585
-7.53,1.911,4.387
-7.506,2.126,4.427
-7.594,0,4.32
-7.827,1.906,4.343
-8.257,1.819,4.273
-8.394,1.898,4.404
-8.453,1.744,4.353
-8.401,2.022,4.434
-8.324,1.885,4.37
-8.294,2.057,4.32
-8.241,1.895,4.382
-8.359,1.836,4.359
-8.383,1.96,4.361
-8.377,1.914,4.414
-8.406,1.93,4.376
-8.353,2.025,4.332
-8.293,1.93,4.386
-8.352,1.851,4.429
-8.347,1.961,4.41
-8.265,2.031,4.327
-8.259,1.995,4.283
-8.388,1.856,4.405
-8.476,1.782,4.392
-8.436,2.038,4.374
-8.364,1.984,4.418
-8.405,1.961,4.333
-8.358,2.035,4.315
-8.398,1.872,4.393
-8.422,1.832,4.425
-8.374,1.992,4.36
-8.314,2.041,4.266
-8.302,1.894,4.308
-8.413,1.729,4.267
-8.43,1.822,4.334
-8.43,1.732,4.357
-8.4,1.867,4.399
-8.249,1.857,4.291
-8.143,1.917,4.405
-8.163,1.698,4.338
-8.137,1.928,4.41
-8.018,1.735,4.318
-7.827,1.829,4.434
-7.782,1.619,4.401
-7.707,1.868,4.346
-7.61,1.745,4.389
-7.73,1.69,4.298
-7.827,1.821,4.356
-7.908,1.649,4.46
-7.938,1.779,4.444
-7.727,1.919,4.411
-7.673,1.881,4.399
-7.67,1.82,4.328
-7.677,1.794,4.398
-7.769,1.682,4.321
-7.862,1.872,4.361
-7.915,1.711,4.463
-7.994,1.832,4.417
-7.854,1.992,4.512
-7.757,1.864,4.488
-7.607,2.025,4.463
-7.381,1.891,4.47
-7.33,1.824,4.528
-7.308,1.834,4.514
-7.216,1.927,4.512
-7.168,1.893,4.514
-7.175,1.893,4.505
-7.181,1.896,4.516
-7.13,1.85,4.476
-7.025,1.839,4.488
-7.013,1.758,4.466
-7.112,1.831,4.45
-7.188,1.8,4.522
-7.261,1.788,4.532
-7.25,1.946,4.472
-7.166,1.936,4.572
-7.176,1.812,4.525
-7.145,2.01,4.573
-6.997,1.869,4.619
-6.887,1.936,4.465
-6.635,1.938,4.468
-6.626,1.607,4.555
-6.981,1.778,4.698
-6.986,1.947,4.509
-6.685,2.127,4.66
-6.776,1.805,4.627
-6.795,2.087,4.633
-6.587,1.934,4.621
-6.511,1.95,4.617
-6.535,1.945,4.664
-6.461,1.906,4.706
-6.33,1.966,4.603
-6.216,2.02,4.599
-6.208,1.798,4.643
-6.269,1.82,4.667
-6.3,1.924,4.598
-6.21,1.934,4.655
-6.277,1.816,4.621
-6.226,1.915,4.718
-6.185,1.824,4.647
-6.111,2.016,4.716
-6.063,1.852,4.658
-5.96,1.953,4.74
-5.929,1.816,4.621
-5.859,1.971,4.634
-6.048,1.809,4.716
-6.318,1.924,4.702
-6.228,2.048,4.705
-6.151,1.999,4.677
-6.08,1.982,4.724
-6.113,1.936,4.702
-6.1,2.034,4.697
-6.045,0,4.748
-6.101,1.994,4.715
-6.066,2.085,4.618
-5.99,1.983,4.672
-6.064,1.805,4.676
-6.068,1.897,4.718
-5.924,1.866,4.735
-5.863,1.957,4.721
-5.746,1.945,4.661
-5.728,1.922,4.713
-5.806,1.815,4.599
-5.77,1.905,4.601
-5.781,1.657,4.604
-6.034,1.787,4.687
-6.185,1.828,4.657
-6.108,1.975,4.583
-6.007,1.877,4.716
-6.252,1.831,4.677
-6.236,2.095,4.676
-5.973,1.887,4.722
-5.898,1.885,4.706
-5.884,1.994,4.595
-5.735,1.891,4.791
-5.909,1.742,4.617
-5.79,2.115,4.669
-5.509,1.597,4.696
-5.475,1.734,4.664
-5.386,1.756,4.658
-5.286,1.669,4.63
-5.373,1.696,4.605
-5.463,1.667,4.653
-5.566,1.645,4.66
-5.595,1.754,4.637
-5.546,1.748,4.641
-5.563,1.713,4.648
-5.593,1.727,4.629
-5.595,1.749,4.649
-5.579,1.697,4.635
-5.562,1.74,4.686
-5.563,1.707,4.591
-5.505,1.801,4.554
-5.58,1.636,4.602
-5.811,1.642,4.642
-5.873,1.751,4.657
-5.754,1.78,4.64
-5.606,1.774,4.665
-5.585,1.728,4.682
-5.544,1.771,4.629
-5.482,1.788,4.783
-5.619,1.742,4.646
-5.424,1.971,4.619
-5.4,1.697,4.764
-5.801,1.772,4.674
-5.391,1.963,4.628
-5.685,1.874,4.703
-5.826,1.803,4.681
-5.789,1.943,4.705
-5.747,1.883,4.744
-5.71,1.922,4.678
-5.565,1.947,4.721
-5.54,1.807,4.712
-5.561,1.913,4.744
-5.598,1.906,4.634
-5.619,1.987,4.631
-5.731,1.782,4.745
-5.892,1.836,4.722
-5.801,2.044,4.625
-5.594,1.921,4.589
-5.784,1.793,4.681
-5.933,1.755,4.736
-5.784,2.023,4.653
-5.689,1.985,4.71
-5.702,1.801,4.671
-5.693,1.933,4.74
-5.677,1.834,4.668
-5.433,1.887,4.802
-5.445,1.753,4.802
-5.304,1.998,4.695
-5.176,1.93,4.713
-5.172,1.711,4.742
-5.279,1.803,4.619
-5.254,1.849,4.637
-5.52,1.708,4.645
-5.793,1.832,4.7
-5.881,1.867,4.667
-5.806,1.949,4.717
-5.693,1.841,4.695
-5.521,1.877,4.686
-5.345,1.77,4.742
-5.336,1.766,4.688
-5.307,1.877,4.684
-5.303,1.762,4.726
-5.357,1.773,4.805
-5.32,1.843,4.731
-5.04,1.904,4.713
-4.99,1.745,4.735
-5.082,1.744,4.763
-5.098,1.797,4.7
-5.086,1.849,4.697
-5.149,1.74,4.742
-5.224,1.759,4.786
-5.232,1.859,4.731
-5.086,1.894,4.759
-5.124,1.799,4.681
-5.086,1.838,4.803
-5.112,1.681,4.65
-5.099,1.947,4.779
-5.103,1.612,4.684
-5.149,1.935,4.743
-5.387,1.797,4.744
-5.37,1.907,4.724
-5.245,1.855,4.801
-5.187,1.798,4.842
-4.978,1.88,4.742
-4.786,1.921,4.769
-4.899,1.755,4.744
-5.016,1.863,4.702
-5.012,1.789,4.734
-5.112,1.721,4.74
-5.15,1.812,4.738
-5.054,1.788,4.777
-5.037,1.784,4.744
-4.978,1.859,4.762
-4.954,1.769,4.74
-4.92,1.796,4.748
-4.883,1.729,4.767
-4.866,1.75,4.776
-4.829,1.779,4.751
-4.746,1.769,4.83
-4.71,1.703,4.7
-4.45,1.783,4.762
-4.455,1.5,4.664
-4.479,1.681,4.748
-4.904,1.588,4.743
-5.003,1.798,4.698
-4.936,1.735,4.78
-5.007,1.651,4.751
-5.045,1.867,4.742
-4.812,1.677,4.588
-4.742,1.646,4.735
-5.143,1.428,4.706
-5.435,1.846,4.741
-5.417,1.777,4.679
-5.458,1.881,4.713
-5.615,1.79,4.678
-5.564,1.83,4.675
-5.521,1.734,4.801
-5.59,1.758,4.633
-5.507,2.034,4.764
-5.595,1.655,4.78
-5.651,2.003,4.733
-5.464,1.952,4.696
-5.392,1.813,4.777
-5.615,1.822,4.642
-5.484,1.948,4.703
-5.426,1.588,4.834
-5.546,1.801,4.8
-5.162,1.929,4.781
-4.83,1.748,4.687
-4.844,1.735,4.712
-5.196,1.646,4.791
-5.471,1.783,4.726
-5.48,1.981,4.749
-5.503,1.827,4.734
-5.673,1.949,4.749
-5.775,1.929,4.827
-5.708,1.932,4.774
-5.53,2.057,4.731
-5.366,1.87,4.757
-5.609,1.879,4.754
-5.634,1.92,4.767
-5.564,1.882,4.728
-5.491,1.893,4.807
-5.625,1.863,4.777
-5.529,1.987,4.797
-5.325,1.862,4.793
-5.312,1.898,4.775
-5.39,1.933,4.813
-5.416,1.89,4.781
-5.392,0,4.881
-5.372,1.88,4.825
-5.153,2.035,4.791
-5.062,1.874,4.712
-5.221,0,4.719
-5.51,1.763,4.751
-5.802,1.867,4.758
-5.811,1.951,4.76
-5.805,1.96,4.796
-5.792,1.958,4.859
-5.674,1.995,4.732
-5.539,2.117,4.829
-5.61,1.837,4.734
-5.716,2.123,4.806
-5.825,1.917,4.722
-5.782,2.071,4.757
-5.74,1.837,4.832
-5.805,1.96,4.777
-5.563,2.04,4.828
-5.481,1.887,4.81
-5.522,2.044,4.807
-5.525,1.997,4.808
-5.555,2.005,4.89
-5.566,2.005,4.801
-5.476,2.183,4.847
-5.451,1.95,4.788
-5.494,2.081,4.739
-5.538,1.949,4.719
-5.77,1.92,4.78
-5.997,1.94,4.804
-5.941,2.047,4.771
-5.857,2.094,4.874
-5.839,2.003,4.848
-5.732,2.221,4.744
-5.544,2.096,4.863
-5.835,1.969,4.77
-5.665,2.151,4.813
-5.541,1.879,4.912
-5.599,2.032,4.841
-5.512,2.24,4.954
-5.395,2.022,4.784
-5.291,2.28,4.861
-5.416,1.922,4.837
-5.535,2.144,4.794
-5.454,2.037,4.741
-5.718,2.027,4.708
-5.912,1.961,4.831
-6.092,1.932,4.772
-6.005,2.202,4.799
-5.9,2.016,4.749
-5.924,2.106,4.846
-5.973,1.989,4.775
-5.861,2.189,4.897
-5.76,1.977,4.776
-5.658,2.255,4.775
-5.502,1.877,4.785
-5.59,1.923,4.764
-5.642,1.959,4.791
-5.663,1.918,4.789
-5.713,2.006,4.799
-5.707,1.992,4.844
-5.69,2.009,4.858
-5.614,2.094,4.867
-5.614,2.138,4.854
-5.602,2.158,4.812
-5.574,2.114,4.772
-5.558,1.995,4.792
-5.638,1.924,4.78
-5.688,0,4.746
-5.742,1.982,4.763
-5.859,1.933,4.76
-5.915,1.992,4.744
-5.942,1.996,4.781
-6.022,1.98,4.695
-6.036,2.077,4.642
-6.269,1.947,4.617
-6.431,1.857,4.651
-6.563,1.836,4.629
-6.648,1.943,4.733
-6.674,1.89,4.543
-6.599,2.13,4.612
-6.913,1.803,4.639
-7.034,1.986,4.577
-6.896,1.98,4.627
-6.874,1.823,4.599
-6.911,1.957,4.531
-6.887,1.881,4.461
-7.023,1.764,4.588
-7.229,1.653,4.454
-7.172,1.92,4.448
-7.548,1.786,4.428
-7.865,1.851,4.388
-7.924,1.81,4.38
-8.036,1.726,4.427
-8.031,1.697,4.454
-7.937,1.778,4.34
-7.873,1.817,4.398
-7.897,1.546,4.343
-7.984,1.731,4.376
-8.038,1.605,4.369
-8.114,1.725,4.425
-8.255,1.753,4.429
-8.255,1.886,4.401
-8.19,1.871,4.373
-8.194,1.804,4.272
-8.293,1.776,4.373
-8.527,1.605,4.371
-8.65,1.894,4.29
-8.557,1.848,4.262
-8.743,1.732,4.352
-8.889,1.693,4.436
-8.883,1.904,4.309
-8.667,2.035,4.329
-8.754,1.793,4.416
-8.923,1.872,4.406
-8.753,2.01,4.421
-8.495,1.893,4.396
-8.441,1.935,4.437
-8.422,1.861,4.41
-8.399,1.963,4.389
-8.399,1.895,4.42
-8.411,1.842,4.418
-8.405,1.923,4.387
-8.381,1.907,4.415
-8.381,1.829,4.424
-8.358,1.889,4.33
-8.358,1.918,4.449
-8.417,1.696,4.346
-8.376,1.981,4.442
-8.411,1.742,4.341
-8.282,1.92,4.229
-8.199,1.641,4.335
-8.515,1.496,4.293
-8.698,1.812,4.384
-8.551,1.63,4.412
-8.437,1.83,4.323
-8.182,1.813,4.358
-8.101,1.571,4.373
-8.117,1.672,4.383
-8.034,1.687,4.382
-7.991,1.706,4.389
-7.981,1.693,4.384
-7.907,1.681,4.431
-7.868,1.659,4.354
-7.756,1.742,4.389
-7.915,1.626,4.419
-8.054,1.754,4.435
-7.888,1.76,4.402
-7.781,1.76,4.397
-7.656,1.654,4.513
-7.655,1.649,4.409
-7.465,1.867,4.394
-7.268,1.534,4.362
-7.38,1.576,4.417
-7.511,1.535,4.512
-7.487,1.659,4.52
-7.099,1.735,4.584
-6.66,1.631,4.622
-6.485,1.757,4.509
-6.225,1.759,4.509
-6.104,1.466,4.45
-6.272,1.539,4.556
-6.387,1.423,4.55
-6.353,1.682,4.547
-6.212,1.619,4.655
-6.206,1.638,4.644
-6.067,1.851,4.589
-5.789,1.718,4.647
-5.625,1.54,4.655
-5.616,1.706,4.611
-5.444,1.653,4.609
-5.43,1.562,4.609
-5.597,1.638,4.65
-5.78,1.69,4.641
-5.735,1.77,4.632
-5.66,1.724,4.633
-5.559,1.671,4.65
-5.44,1.633,4.691
-5.275,1.611,4.669
-5.042,1.636,4.693
-4.802,1.507,4.654
-4.681,1.527,4.706
-4.62,1.411,4.732
-4.574,1.539,4.689
-4.441,1.555,4.773
-4.327,1.425,4.605
-4.289,1.634,4.679
-4.458,1.272,4.818
-4.807,1.613,4.756
-4.494,1.773,4.778
-4.255,1.562,4.689
-4.38,1.702,4.761
-4.752,1.634,4.676
-4.522,1.655,4.753
-4.485,1.507,4.794
-4.295,1.603,4.741
-3.87,1.54,4.736
-3.932,1.455,4.786
-4.122,1.528,4.753
-4.121,1.657,4.783
-3.861,1.478,4.712
-3.906,1.577,4.734
-4.044,1.447,4.828
-4.216,1.579,4.684
-4.07,1.763,4.775
-4.069,1.397,4.723
-4.122,1.666,4.724
-4.147,1.532,4.732
-4.118,1.543,4.6
-4.057,1.52,4.652
-4.32,1.297,4.678
-4.657,1.559,4.721
-4.76,1.638,4.733
-4.563,1.667,4.624
-4.499,1.695,4.709
-4.696,1.514,4.741
-4.697,1.716,4.798
-4.293,1.588,4.777
-3.944,1.648,4.643
-3.81,1.568,4.738
-4.377,1.491,4.714
-4.261,1.632,4.786
-4.053,1.496,4.738
-3.816,1.62,4.769
-4.008,1.592,4.661
-3.992,1.657,4.706
-4.023,1.383,4.551
-4.086,1.536,4.696
-4.755,1.424,4.687
-4.549,1.622,4.644
-4.474,1.599,4.773
-4.387,1.472,4.666
-4.098,1.64,4.697
-3.946,1.336,4.782
-4.072,1.551,4.694
-3.875,1.693,4.714
-3.631,1.367,4.717
-3.797,1.506,4.712
-3.886,1.538,4.686
-3.894,1.52,4.79
-3.983,1.505,4.75
-3.896,1.736,4.635
-3.736,1.565,4.725
-4.147,1.402,4.749
-3.972,1.57,4.823
-3.88,1.578,4.696
-3.757,1.746,4.747
-3.812,1.467,4.693
-3.833,1.588,4.652
-3.771,1.399,4.685
-3.851,1.335,4.739
-3.92,1.46,4.734
-3.754,1.513,4.758
-3.869,1.599,4.709
-3.88,1.655,4.775
-3.874,1.509,4.682
-3.688,1.604,4.762
-3.682,1.373,4.77
-3.677,1.585,4.693
-3.545,1.55,4.769
-3.71,1.446,4.655
-3.71,1.62,4.692
-3.765,1.34,4.679
-3.867,1.476,4.811
-3.938,1.468,4.572
-3.645,1.693,4.748
-3.801,1.134,4.609
-3.92,1.648,4.761
-4.255,1.411,4.751
-4.082,1.7,4.73
-3.81,1.566,4.688
-3.752,1.531,4.704
-3.799,1.442,4.725
-3.771,1.466,4.673
-3.722,1.5,4.737
-3.769,1.39,4.701
-3.672,1.511,4.656
-3.675,1.436,4.677
-3.763,1.35,4.602
-3.788,1.401,4.628
-4.082,1.337,4.588
-4.203,1.429,4.657
-4.33,1.371,4.637
-4.44,1.596,4.631
-4.531,1.566,4.569
-4.512,1.538,4.58
-4.547,1.388,4.591
-4.558,1.454,4.609
-4.423,1.395,4.632
-4.264,1.387,4.375
-4.184,1.422,4.514
-4.591,0.901,4.537
-4.846,1.324,4.619
-4.678,1.357,4.563
-4.497,1.476,4.604
-4.541,1.379,4.574
-4.371,1.404,4.518
-4.264,1.29,4.557
-4.267,1.151,4.522
-4.253,1.252,4.548
-4.305,1.182,4.558
-4.453,1.31,4.496
-4.445,1.327,4.585
-4.511,1.186,4.525
-4.394,1.36,4.56
-4.43,1.242,4.552
-4.49,1.36,4.485
-4.482,1.321,4.534
-4.7,1.259,4.552
-4.736,1.367,4.576
-4.658,1.375,4.59
-4.579,1.415,4.493
-4.457,1.405,4.585
-4.722,1.274,4.565
-4.67,1.48,4.638
-4.562,1.38,4.564
-4.474,1.553,4.594
-4.59,1.41,4.585
-4.645,1.503,4.606
-4.634,1.462,4.631
-4.521,1.476,4.637
-4.405,1.507,4.688
-4.322,1.491,4.643
-4.2,1.582,4.624
-4.156,1.459,4.653
-4.178,1.41,4.571
-4.117,1.462,4.623
-4.263,1.319,4.749
-4.429,1.5,4.759
-4.051,1.666,4.716
-3.811,1.625,4.735
-3.763,1.509,4.644
-3.671,1.516,4.662
-3.695,1.297,4.668
-3.801,1.392,4.72
-3.953,1.478,4.795
-3.852,1.544,4.803
-3.649,1.658,4.713
-3.534,1.655,4.734
-3.609,1.459,4.669
-3.739,1.552,4.782
-3.953,1.493,4.74
-3.88,1.694,4.775
-3.826,1.607,4.715
-3.803,1.704,4.701
-3.812,1.537,4.698
-3.885,1.525,4.695
-3.932,1.528,4.744
-3.957,1.535,4.769
-3.921,1.646,4.781
-3.859,1.691,4.732
-3.834,1.712,4.74
-3.91,1.618,4.645
-3.885,1.621,4.653
-4.021,1.45,4.67
-4.15,1.502,4.683
-4.094,1.506,4.639
-4.094,1.55,4.616
-4.208,1.477,4.668
-4.353,1.478,4.6
-4.269,1.557,4.73
-4.356,1.424,4.786
-4.314,1.746,4.782
-4.066,1.803,4.743
-3.817,1.724,4.642
-3.845,1.624,4.736
-4.002,1.431,4.708
-3.937,1.622,4.723
-3.932,1.56,4.77
-3.955,1.611,4.662
-3.865,1.69,4.761
-3.924,1.436,4.729
-3.868,1.669,4.739
-3.871,1.595,4.745
-3.744,1.57,4.681
-3.733,1.585,4.772
-3.806,1.455,4.741
-3.758,1.654,4.685
-3.649,1.524,4.712
-3.805,1.474,4.715
-3.83,1.533,4.743
-3.816,1.536,4.756
-3.853,1.627,4.716
-3.853,1.656,4.746
-3.853,1.552,4.743
-3.816,1.612,4.77
-3.766,1.585,4.765
-3.652,1.616,4.739
-3.638,1.606,4.73
-3.638,1.542,4.734
-3.649,1.525,4.732
-3.66,1.533,4.733
-3.674,1.533,4.709
-3.674,1.534,4.761
-3.711,1.487,4.811
-3.73,1.629,4.731
-3.638,1.725,4.646
-3.75,1.561,4.745
-4.062,1.454,4.625
-4.056,1.681,4.643
-4.143,1.418,4.833
-4.369,1.539,4.686
-3.991,1.869,4.733
-3.88,1.481,4.712
-3.98,1.641,4.794
-3.891,1.552,4.709
-3.774,1.732,4.743
-3.878,1.568,4.794
-3.931,1.648,4.778
-3.732,1.7,4.771
-3.764,1.69,4.765
-3.825,1.694,4.782
-3.786,1.658,4.664
-3.686,1.664,4.735
-3.806,1.407,4.695
-3.834,1.59,4.666
-3.831,1.493,4.784
-4.06,1.504,4.694
-3.9,1.727,4.72
-3.898,1.521,4.664
-3.928,1.598,4.769
-4.079,1.505,4.763
-3.965,1.737,4.813
-3.875,1.682,4.638
-3.825,1.797,4.762
-4.21,1.484,4.689
-4.029,1.715,4.75
-3.96,1.512,4.776
-4.111,1.755,4.758
-3.966,1.731,4.753
-3.927,1.684,4.815
-3.941,1.68,4.686
-3.751,1.753,4.81
-4.027,1.591,4.722
-3.957,1.828,4.681
-3.899,1.596,4.714
-4.167,1.588,4.776
-4.002,1.566,4.783
-3.723,1.645,4.728
-3.673,1.53,4.754
-3.771,1.571,4.762
-3.746,1.598,4.733
-3.732,1.632,4.688
-3.821,1.599,4.69
-3.958,1.521,4.761
-3.999,1.533,4.761
-3.846,1.659,4.695
-3.857,1.673,4.654
-4.005,1.556,4.703
-4.242,1.537,4.717
-4.139,1.605,4.768
-4.019,1.601,4.87
-3.871,1.692,4.7
-3.21,1.695,4.711
-3.482,1.42,4.768
-3.758,1.537,4.818
-3.669,1.594,4.783
-3.563,1.72,4.735
-3.635,1.655,4.724
-3.74,1.569,4.668
-3.782,1.556,4.765
-3.944,1.479,4.627
-3.972,1.742,4.68
-4.081,1.405,4.795
-4.175,1.577,4.781
-3.735,1.675,4.738
-3.723,1.689,4.677
-3.838,1.612,4.726
-3.997,1.507,4.762
-4.044,1.65,4.74
-3.994,1.729,4.8
-3.974,1.657,4.686
-3.795,1.73,4.754
-3.924,1.535,4.789
-3.879,1.639,4.743
-3.814,1.715,4.79
-3.834,1.622,4.745
-3.898,1.758,4.652
-3.935,1.658,4.683
-4.147,1.499,4.831
-4.3,1.627,4.743
-3.736,1.784,4.79
-3.823,1.628,4.791
-3.912,1.776,4.71
-3.829,1.73,4.762
-4.147,1.696,4.628
-3.969,1.701,4.65
-4.379,1.561,4.716
41.484,0.011,4.74
40.865,0.013,4.782
40.779,0.006,4.79
40.644,0.014,4.736
40.375,0.013,4.749
40.218,0.016,4.662
40.145,0.007,4.713
40.085,0.006,4.769
40.012,0.008,4.746
39.987,0.002,4.751
39.962,0.002,4.676
39.913,0.006,4.733
39.804,0.014,4.717
39.622,0.025,4.718
39.454,0.008,4.822
39.26,0.018,4.705
38.896,0.041,4.821
38.701,0.008,4.691
37.923,0.056,4.713
37.753,0.041,4.753
37.801,-0.01,4.749
37.704,-0.01,4.748
37.523,0.021,4.76
37.426,-0.014,4.707
37.282,0.015,4.707
37.053,0.071,4.731
37.054,0.027,4.652
36.812,0.004,4.728
36.68,-0.003,4.639
36.632,-0.037,4.717
36.378,-0.021,4.718
35.639,0.119,4.676
35.384,0.107,4.762
35.13,0.034,4.756
35.226,0.145,4.677
35.103,0.229,4.613
34.736,0.14,4.667
34.293,0.136,4.657
34.229,0.28,4.689
34.363,0.196,4.701
34.338,0.289,4.749
34.251,0.351,4.724
34.31,0.453,4.589
34.306,0.4,4.706
33.774,0.284,4.683
33.856,0.439,4.656
34.088,0.346,4.709
34.086,0.291,4.776
34.257,0.332,4.797
34.662,0.368,4.634
34.823,0.374,4.666
34.538,0.066,4.645
34.239,0.274,4.634
34.351,0.158,4.745
34.252,0.179,4.679
34.511,0.341,4.733
34.684,0.265,4.698
34.919,0.17,4.753
35.081,0.067,4.624
35.23,0.148,4.608
35.168,0.015,4.655
35.02,0.006,4.653
34.946,-0.006,4.782
34.897,-0.002,4.735
35.181,0.24,4.657
35.305,0.089,4.713
35.144,0.017,4.671
35.218,0.03,4.698
34.883,0.108,4.686
35.006,0.074,4.632
35.191,0.004,4.589
36.022,-0.015,4.722
36.146,-0.009,4.67
36.196,-0.004,4.708
36.307,-0.021,4.781
36.519,-0.01,4.715
36.793,-0.025,4.704
37.004,-0.011,4.746
37.241,-0.011,4.737
37.541,-0.03,4.69
37.553,-0.001,4.616
37.703,-0.012,4.632
37.841,0.007,4.695
37.966,-0.011,4.682
38.041,-0.007,4.658
38.004,0.007,4.654
37.892,0.014,4.763
37.754,0.007,4.764
37.617,0.003,4.755
37.43,0.015,4.729
37.105,0.007,4.736
36.444,0.046,4.679
36.108,0.026,4.771
35.822,0,4.787
35.361,0.166,4.771
35.2,0.263,4.75
35.001,0.291,4.746
34.603,0.373,4.696
34.478,0.28,4.733
34.154,0.42,4.755
34.004,0.553,4.685
33.917,0.621,4.719
33.406,0.657,4.683
33.293,0.725,4.774
32.957,0.788,4.767
32.931,1.022,4.787
32.981,0.964,4.656
32.742,1.133,4.656
31.619,1.205,4.759
30.884,1.482,4.742
30.844,1.732,4.785
30.756,1.723,4.704
30.865,1.74,4.706
30.522,1.676,4.766
30.294,1.752,4.745
30.089,2,4.686
29.825,2.054,4.734
29.365,2.039,4.803
29.416,2.132,4.803
29.601,2.245,4.791
29.772,2.189,4.708
29.859,2.124,4.714
29.785,1.933,4.825
29.699,1.981,4.73
30.098,2.106,4.692
30.806,1.528,4.752
31.862,1.018,4.716
34.001,0.386,4.732
36.23,-0.133,4.753
36.671,-0.128,4.673
38.462,-0.181,4.729
41.158,-0.155,4.682
43.14,-0.098,4.7
43.693,-0.058,4.725
44.051,-0.026,4.717
44.248,-0.019,4.621
44.469,-0.016,4.726
44.638,-0.017,4.652
44.783,-0.014,4.746
44.893,-0.015,4.776
45.124,-0.007,4.745
45.279,-0.017,4.704
45.294,-0.003,4.696
45.289,-0.002,4.723
45.307,-0.008,4.768
45.161,0.027,4.691
44.978,0.031,4.825
44.694,0.042,4.66
44.307,0.04,4.783
43.96,0.036,4.736
43.73,0.022,4.722
43.562,0.013,4.638
43.665,-0.017,4.712
43.844,-0.015,4.656
44.05,-0.029,4.661
44.361,-0.038,4.696
44.697,-0.044,4.654
45.28,-0.036,4.702
45.756,-0.036,4.662
46.147,-0.034,4.604
46.43,-0.024,4.726
46.73,-0.031,4.618
46.911,-0.037,4.606
47.043,-0.033,4.676
47.227,-0.001,4.564
47.362,0.001,4.718
47.509,-0.014,4.703
47.553,-0.003,4.634
47.523,0.004,4.687
47.472,0.006,4.654
47.487,-0.002,4.663
47.513,0,4.644
47.551,-0.004,4.709
47.578,-0.004,4.692
47.619,-0.006,4.693
47.708,-0.012,4.66
47.871,-0.013,4.673
47.982,-0.012,4.69
48.016,-0.002,4.65
48.009,0.003,4.641
47.948,0.003,4.606
47.844,0.009,4.626
47.55,0.028,4.65
47.247,0.039,4.61
46.795,0.035,4.614
46.591,0.022,4.702
46.457,0.009,4.701
46.434,0.003,4.591
46.635,-0.005,4.479
46.852,-0.026,4.607
47.035,-0.033,4.65
47.122,-0.021,4.613
47.288,-0.012,4.594
47.411,-0.008,4.611
47.464,0.004,4.576
47.352,0.013,4.552
47.25,0.004,4.688
47.235,0.003,4.638
47.17,0.005,4.593
46.981,0.025,4.654
46.847,0.016,4.725
46.777,0.018,4.573
46.587,0.011,4.569
46.511,0.001,4.585
46.4,0.01,4.559
46.216,0.028,4.574
45.868,0.037,4.609
45.505,0.028,4.59
45.177,0.018,4.541
44.984,0.037,4.554
44.769,0.019,4.563
44.644,0.015,4.535
44.632,0.007,4.63
44.716,-0.015,4.611
44.775,-0.012,4.536
44.876,-0.023,4.518
44.856,-0.02,4.548
44.798,-0.015,4.533
44.521,0.002,4.587
44.4,-0.016,4.593
44.197,0.002,4.506
43.987,0.001,4.604
43.624,0.047,4.594
43.316,0.075,4.533
43.239,-0.008,4.617
42.96,0.035,4.613
42.581,0.058,4.633
42.087,0.089,4.575
41.702,0.081,4.629
41.056,0.084,4.553
40.709,0.007,4.635
40.19,0.057,4.601
40.03,0.031,4.648
39.807,0.007,4.682
39.834,-0.019,4.695
39.909,-0.02,4.662
39.997,-0.02,4.623
40.122,0.003,4.645
40.282,0.005,4.647
40.331,0.007,4.686
40.367,-0.001,4.664
40.355,0,4.645
40.33,0,4.707
40.33,-0.002,4.65
40.367,-0.007,4.675
40.265,0.007,4.729
40.053,0.003,4.809
39.99,0.011,4.79
40.003,0.003,4.709
40.028,-0.005,4.661
40.179,-0.015,4.673
40.317,-0.004,4.698
40.566,-0.019,4.742
40.652,-0.007,4.781
40.665,-0.007,4.756
40.653,0.006,4.748
40.567,0.009,4.749
40.42,0.015,4.662
40.285,0.024,4.655
40.026,0.031,4.646
39.706,0.015,4.802
39.161,0.065,4.734
38.915,0.057,4.732
38.717,0.033,4.721
38.721,-0.006,4.684
38.624,0.011,4.661
38.425,0.012,4.659
38.476,0.016,4.708
38.439,-0.021,4.661
38.163,0.029,4.655
37.874,0.043,4.68
37.197,0.116,4.736
36.57,0.048,4.709
35.643,0.063,4.679
34.979,0.18,4.697
34.178,0.386,4.671
33.765,0.569,4.727
33.326,0.64,4.762
33.085,0.858,4.736
32.97,0.974,4.697
32.83,0.95,4.867
32.703,0.89,4.686
33.14,1.168,4.741
33.19,0.677,4.731
32.753,1.048,4.706
32.832,0.936,4.701
32.969,0.792,4.8
33.155,0.724,4.666
33.617,0.813,4.813
33.855,0.359,4.795
34.495,0.474,4.732
35.211,0.165,4.715
35.714,-0.083,4.77
36.117,-0.133,4.786
36.859,-0.093,4.711
37.777,-0.119,4.725
38.841,-0.101,4.778
39.638,-0.08,4.737
40.394,-0.078,4.75
41.221,-0.075,4.727
41.971,-0.076,4.687
42.485,-0.066,4.752
43.152,-0.052,4.791
43.595,-0.04,4.608
44.036,-0.032,4.689
44.453,-0.027,4.845
44.741,-0.022,4.749
45.092,-0.035,4.74
45.515,-0.048,4.716
45.769,-0.055,4.736
46.166,-0.052,4.709
46.746,-0.036,4.725
47.001,-0.029,4.673
47.198,-0.021,4.697
47.333,0.001,4.72
47.461,-0.015,4.637
47.445,0.003,4.643
47.451,-0.002,4.738
47.485,-0.006,4.625
47.602,-0.012,4.737
47.94,-0.021,4.67
48.227,-0.033,4.68
48.443,-0.037,4.561
48.707,-0.039,4.651
48.932,-0.029,4.657
49.088,-0.005,4.589
49.26,-0.011,4.64
49.391,-0.004,4.707
49.447,0,4.531
49.427,0.01,4.712
49.409,-0.001,4.599
49.341,0.002,4.594
49.254,0.01,4.625
49.093,0.003,4.623
48.95,0.002,4.662
48.824,0.009,4.546
48.711,0.009,4.567
48.648,0.003,4.643
48.647,0,4.541
48.647,0,4.661
48.622,0.003,4.538
48.572,0.006,4.544
48.534,0.011,4.731
48.422,0.01,4.53
48.348,0.004,4.605
48.336,0.001,4.576
48.326,0.003,4.609
48.376,-0.002,4.59
48.426,-0.005,4.612
48.439,0,4.677
48.439,0,4.574
48.439,0,4.593
48.439,0,4.557
48.476,-0.007,4.626
48.551,-0.012,4.603
48.676,-0.015,4.584
48.848,-0.018,4.558
48.968,-0.004,4.568
49.087,-0.001,4.622
49.29,-0.02,4.565
49.301,-0.006,4.618
49.276,0.003,4.621
49.265,0.002,4.637
49.265,0,4.568
49.278,0,4.586
49.278,0,4.612
49.302,-0.004,4.576
49.351,-0.002,4.648
49.412,-0.003,4.557
49.497,-0.009,4.579
49.556,-0.009,4.584
49.639,-0.008,4.616
49.721,-0.005,4.584
49.766,-0.004,4.585
49.801,-0.008,4.621
49.862,-0.013,4.65
49.972,-0.014,4.577
50.142,-0.02,4.523
50.298,-0.016,4.639
50.415,-0.005,4.546
50.544,-0.009,4.669
50.647,-0.006,4.66
50.693,-0.005,4.58
50.727,-0.002,4.596
50.774,-0.004,4.491
50.811,-0.002,4.618
50.823,0,4.663
50.811,0.002,4.546
50.811,0,4.609
50.774,0,4.639
50.711,0.007,4.558
50.623,0.002,4.628
50.623,0,4.58
50.672,-0.008,4.704
50.734,-0.01,4.518
50.953,-0.018,4.58
51.121,-0.022,4.558
51.266,-0.026,4.542
51.41,-0.01,4.621
51.504,-0.009,4.614
51.517,0,4.657
51.544,-0.002,4.609
51.569,-0.003,4.613
51.608,-0.004,4.651
51.684,-0.008,4.597
51.735,-0.012,4.615
51.784,0,4.565
51.796,0,4.642
51.809,0,4.532
51.834,-0.002,4.628
51.899,0,4.621
51.887,0.001,4.623
51.887,0,4.573
51.864,0.004,4.664
51.83,0.002,4.62
51.833,0,4.6
51.921,-0.012,4.607
52.074,-0.007,4.629
52.124,-0.001,4.63
52.124,0,4.616
52.124,0,4.606
52.112,0,4.583
52.088,0,4.558
52.076,0.001,4.637
52.065,0,4.566
52.042,0,4.502
51.966,0.008,4.6
51.89,0.007,4.448
51.838,0.002,4.518
51.835,0,4.63
51.858,-0.006,4.574
51.869,0,4.63
51.894,0,4.58
51.894,0,4.663
51.855,0.007,4.511
51.755,0.016,4.549
51.631,0.011,4.537
51.508,0.01,4.606
51.458,0.009,4.54
51.386,0.008,4.621
51.339,0.005,4.581
51.316,0.003,4.538
51.305,0,4.501
51.329,0,4.582
51.353,0,4.634
51.378,-0.004,4.571
51.416,-0.001,4.572
51.429,0,4.726
51.48,-0.005,4.635
51.53,-0.006,4.564
51.581,-0.006,4.606
51.619,-0.001,4.586
51.632,0,4.63
51.632,0,4.581
51.632,0,4.581
51.632,0,4.581
51.62,0.001,4.544
51.609,0.004,4.587
51.585,0.004,4.606
51.585,0,4.673
51.573,0.003,4.609
51.573,0,4.634
51.551,0.006,4.517
51.552,0,4.619
51.454,0.008,4.581
52.632,-0.058,4.624
53.747,-0.014,4.68
54.232,-0.062,4.575
54.329,-0.013,4.495
54.704,-0.034,4.65
55.066,-0.042,4.605
55.599,-0.045,4.66
56.059,-0.041,4.548
56.445,-0.044,4.611
56.806,-0.047,4.634
57.372,-0.033,4.63
57.617,-0.024,4.54
57.969,-0.026,4.591
58.017,-0.02,4.623
58.214,-0.017,4.623
58.5,-0.019,4.629
58.615,-0.013,4.547
58.715,-0.02,4.572
58.793,-0.008,4.559
58.785,0.006,4.538
58.755,0.001,4.561
58.699,0.008,4.571
58.606,0.012,4.569
58.478,0.018,4.558
58.261,0.015,4.518
58.061,0.02,4.643
57.905,0.016,4.636
57.695,0.02,4.559
57.398,0.023,4.591
57.177,0.019,4.596
56.887,0.039,4.528
56.761,-0.008,4.565
56.634,0.015,4.677
56.513,0.021,4.554
56.402,0.01,4.6
56.215,0.025,4.69
56.037,0.013,4.656
55.635,0.041,4.548
54.949,0.041,4.69
54.455,0.037,4.609
53.829,0.057,4.621
53.463,0.048,4.58
53.084,0.044,4.597
52.84,0.059,4.602
51.866,0.074,4.663
51.233,0.083,4.581
50.324,0.1,4.588
49.579,0.099,4.62
48.869,0.07,4.546
48.226,0.044,4.548
47.706,0.027,4.684
47.547,0.018,4.706
47.473,0.008,4.645
47.458,0.006,4.56
47.589,-0.014,4.687
47.712,-0.011,4.656
47.872,-0.019,4.71
48.08,-0.014,4.725
48.201,-0.003,4.554
48.322,0,4.678
48.441,-0.001,4.585
48.642,-0.019,4.661
48.724,-0.015,4.74
48.706,0,4.677
48.513,0.012,4.658
48.3,0.03,4.61
48.088,0.007,4.656
47.965,0.043,4.587
47.82,0.024,4.64
47.591,0.035,4.669
47.422,0.015,4.577
47.262,0.009,4.601
47.064,0.008,4.558
46.512,0.034,4.662
46.135,0.027,4.654
45.819,0.032,4.614
45.332,0.063,4.635
44.909,0.02,4.725
44.412,0.015,4.578
44.143,0.038,4.594
43.982,-0.013,4.535
43.832,0.011,4.531
43.672,0.025,4.669
43.502,0.047,4.641
43.356,0.034,4.686
43.31,0,4.715
43.045,0.055,4.652
42.79,-0.022,4.693
41.861,0.104,4.701
41.702,0.006,4.641
40.886,0.145,4.681
40.607,0.124,4.788
40.231,0.112,4.667
40.394,-0.024,4.655
40.543,-0.002,4.631
40.998,-0.042,4.622
41.665,-0.085,4.677
42.59,-0.099,4.702
43.904,-0.127,4.731
44.918,-0.105,4.699
45.258,-0.083,4.678
45.946,-0.062,4.637
46.436,-0.052,4.661
46.856,-0.047,4.61
47.342,-0.035,4.663
47.733,-0.03,4.518
47.84,0.001,4.649
47.915,0.008,4.692
47.993,-0.004,4.647
47.959,0,4.661
47.864,0.011,4.641
47.756,0.013,4.707
47.541,0.025,4.631
47.23,0.042,4.694
46.867,0.063,4.662
46.517,0.057,4.701
45.981,0.04,4.614
45.342,0.065,4.713
44.773,0.054,4.648
44.315,0.045,4.658
43.685,0.05,4.793
43.082,0.049,4.61
42.641,0.05,4.718
42.409,0.057,4.711
41.787,0.045,4.639
41.568,0.051,4.591
41.14,0.052,4.685
40.394,0.053,4.694
39.87,0.058,4.763
39.418,0.055,4.682
38.916,0.058,4.74
37.92,0.078,4.68
36.751,0.101,4.694
35.557,0.111,4.675
34.537,0.11,4.747
33.429,0.107,4.767
31.26,0.108,4.673
30.063,0.113,4.781
29.146,0.113,4.699
27.643,0.108,4.697
26.897,0.091,4.748
26.092,0.085,4.673
25.427,0.084,4.701
24.569,0.084,4.675
23.848,0.072,4.614
22.957,0.064,4.735
22.282,0.07,4.706
21.344,0.06,4.78
20.752,0.057,4.591
20.268,0.057,4.665
19.563,0.053,4.694
19.065,0.042,4.698
18.735,0.035,4.769
18.182,0.044,4.718
17.766,0.049,4.738
17.111,0.06,4.63
16.579,0.068,4.658
16.009,0.067,4.737
15.131,0.055,4.662
14.665,0.05,4.665
14.124,0.054,4.64
13.692,0.046,4.643
13.322,0.047,4.781
12.774,0.048,4.671
12.348,0.049,4.69
11.983,0.046,4.645
11.638,0.04,4.75
11.425,0.025,4.737
11.267,0.006,4.585
11.104,0.009,4.679
11.1,-0.004,4.634
11.128,-0.001,4.666
11.011,0.015,4.654
10.867,0.02,4.665
10.67,0.011,4.703
10.513,0.007,4.703
10.215,0.048,4.619
9.996,0.049,4.691
9.851,0.003,4.722
9.512,0.013,4.594
9.307,0.004,4.543
9.06,0,4.745
8.609,0.058,4.711
7.906,0.039,4.675
7.412,0.042,4.656
6.345,0.058,4.581
5.951,0.047,4.768
5.439,0.049,4.664
4.915,0.061,4.624
4.195,0.076,4.641
3.15,0.176,4.75
2.724,0.309,4.662
2.53,0.384,4.707
2.41,0.392,4.628
2.354,0.418,4.759
2.389,0.373,4.581
2.424,0.4,4.726
2.41,0.36,4.623
2.37,0.416,4.663
2.317,0.409,4.69
2.237,0.445,4.686
2.183,0.475,4.708
2.007,0.554,4.649
1.795,0.632,4.694
1.588,0,4.644
1.401,0.763,4.592
1.141,0.845,4.686
0.983,0.874,4.629
0.897,0.923,4.579
0.803,0.946,4.627
0.608,1.008,4.591
0.385,1.098,4.715
0.235,1.133,4.657
0.275,1.132,4.637
0.355,1.087,4.678
0.393,1.074,4.655
0.425,1.076,4.605
0.401,1.083,4.688
0.377,1.078,4.715
0.366,1.102,4.628
0.39,1.101,4.597
0.423,1.063,4.713
0.726,0.92,4.693
1.209,0.756,4.639
2.061,0.41,4.697
3.732,-0.096,4.688
5.894,-0.206,4.608
9.121,-0.276,4.621
11.324,-0.269,4.646
13.762,-0.234,4.59
17.067,-0.142,4.704
18.65,-0.075,4.769
19.321,-0.052,4.708
19.688,-0.041,4.589
20.005,-0.024,4.695
20.226,-0.019,4.724
20.479,-0.028,4.736
20.62,-0.018,4.617
20.887,-0.017,4.679
21.053,-0.028,4.633
21.258,-0.025,4.773
21.388,-0.02,4.69
21.534,-0.016,4.686
21.818,-0.024,4.78
22.073,-0.034,4.655
22.316,-0.033,4.658
22.534,-0.025,4.692
22.661,-0.022,4.683
22.812,-0.014,4.67
22.905,-0.006,4.66
22.906,0,4.733
22.857,0.007,4.66
22.803,0.004,4.689
22.747,0.008,4.772
22.679,0.008,4.635
22.646,0,4.662
22.661,-0.003,4.572
22.761,-0.01,4.626
22.839,-0.009,4.575
22.953,-0.008,4.597
23.127,-0.018,4.739
23.286,-0.018,4.66
23.447,-0.012,4.63
23.671,-0.022,4.651
23.994,-0.037,4.616
24.779,-0.057,4.645
25.965,-0.061,4.673
26.583,-0.051,4.654
27.113,-0.041,4.637
27.384,-0.025,4.659
27.566,-0.018,4.67
27.712,-0.019,4.665
27.88,-0.009,4.602
27.986,-0.005,4.682
28.019,0.002,4.637
27.995,0.004,4.644
27.971,0.001,4.618
28.007,-0.004,4.629
28.231,-0.015,4.565
28.398,0,4.667
28.529,-0.009,4.636
28.77,-0.009,4.69
28.916,-0.009,4.697
29.06,-0.013,4.628
29.277,-0.02,4.611
29.41,-0.018,4.69
29.58,-0.025,4.63
29.803,-0.018,4.636
30.135,-0.033,4.653
30.408,-0.032,4.658
30.754,-0.045,4.678
31.389,-0.042,4.569
31.863,-0.035,4.631
32.131,-0.022,4.704
32.358,-0.027,4.567
32.407,-0.009,4.555
32.232,0.028,4.613
31.812,0.045,4.563
31.351,0.049,4.589
30.917,0.043,4.732
30.549,0.025,4.671
30.264,0.033,4.595
29.952,0.037,4.574
29.644,0.037,4.581
29.309,0.025,4.6
29.193,0.007,4.62
29.169,0.005,4.537
28.923,0.035,4.564
28.538,0.048,4.607
28.294,0.059,4.501
27.745,0.052,4.621
27.391,0.028,4.546
27.332,-0.001,4.625
27.373,-0.007,4.703
27.276,0.015,4.659
26.957,0.038,4.589
26.556,0.043,4.638
26.285,0.026,4.596
25.999,0.022,4.633
25.737,0.024,4.697
25.547,0.02,4.628
25.34,0.027,4.633
24.865,0.027,4.559
24.588,0.019,4.687
24.453,0.015,4.636
24.357,0.009,4.678
24.245,-0.006,4.646
24.299,-0.007,4.692
24.376,-0.004,4.701
24.471,-0.01,4.687
24.534,-0.001,4.759
24.401,0.018,4.646
24.195,0.02,4.687
23.96,0.029,4.653
23.427,0.038,4.673
23.058,0.047,4.658
22.649,0.042,4.709
22.315,0.037,4.704
21.962,0.035,4.681
21.67,0.027,4.744
21.428,0.021,4.7
21.188,0.031,4.747
20.874,0.015,4.759
20.545,0.033,4.714
20.468,-0.004,4.732
20.478,-0.006,4.775
20.519,-0.005,4.794
20.55,-0.003,4.741
20.554,-0.001,4.76
20.569,-0.001,4.656
20.582,-0.003,4.681
20.648,-0.007,4.796
20.679,-0.002,4.752
20.706,-0.005,4.767
20.74,-0.004,4.777
20.767,-0.002,4.734
20.795,0,4.825
20.796,0.004,4.701
20.857,-0.009,4.74
20.992,-0.022,4.778
21.166,-0.017,4.746
21.285,-0.013,4.78
21.388,-0.007,4.735
21.493,-0.009,4.693
21.547,-0.003,4.71
21.537,0,4.638
21.526,0.002,4.694
21.516,0.001,4.637
21.506,0,4.675
21.479,0.003,4.793
21.393,0.009,4.691
21.281,0.014,4.713
21.249,-0.002,4.728
21.306,-0.012,4.662
21.514,-0.011,4.619
21.614,-0.009,4.677
21.681,-0.003,4.628
21.724,-0.007,4.591
21.773,-0.007,4.579
21.805,-0.002,4.617
21.792,0.002,4.661
21.764,0,4.542
21.726,0.003,4.657
21.679,0.006,4.581
21.649,0.004,4.579
21.591,0.005,4.631
21.517,0.006,4.617
21.471,0.002,4.579
21.424,0.005,4.567
21.34,0.011,4.64
21.147,0.012,4.64
21.003,0.015,4.627
20.848,0.025,4.634
20.607,0.019,4.607
20.504,0.009,4.667
20.487,0.002,4.591
20.498,0,4.623
20.498,0,4.652
20.487,0.003,4.642
20.448,0.007,4.663
20.361,0.012,4.708
20.219,0.013,4.691
20.083,0.01,4.692
19.949,0.011,4.635
19.823,0.016,4.692
19.604,0.022,4.7
19.392,0.019,4.678
19.186,0.02,4.712
19.007,0.019,4.664
18.666,0.025,4.704
18.442,0.028,4.681
18.122,0.04,4.603
17.811,0.042,4.577
17.388,0.041,4.732
16.838,0.053,4.592
16.267,0.055,4.747
15.809,0.06,4.85
15.164,0.065,4.733
14.441,0.068,4.777
13.781,0.07,4.735
13.259,0.066,4.718
12.731,0.057,4.72
11.928,0.052,4.819
10.824,0.057,4.742
10.184,0.05,4.799
9.617,0.043,4.796
9.245,0.039,4.806
8.744,0.048,4.834
8.302,0.058,4.819
7.813,0.061,4.798
7.251,0.061,4.825
6.759,0.061,4.807
6.282,0.046,4.839
5.765,0.034,4.876
5.461,0.025,4.744
5.178,0.031,4.912
4.837,0.041,4.773
4.434,0.034,4.86
4.057,0.038,4.813
3.723,0.041,4.81
3.349,0.12,4.813
3.18,0.16,4.848
3.146,0.162,4.798
3.146,0.172,4.781
3.128,0.166,4.815
3.07,0.189,4.835
2.964,0.239,4.787
2.837,0.295,4.774
2.657,0.344,4.855
2.46,0.409,4.858
2.315,0.479,4.858
2.133,0.547,4.83
1.779,0.68,4.767
1.561,0.745,4.795
1.296,0.822,4.86
1.013,0.929,4.89
0.832,1.003,4.855
0.664,1.068,4.798
0.407,1.164,4.727
0.042,1.277,4.864
-0.185,1.333,4.738
-0.377,1.433,4.839
-0.798,1.565,4.87
-1.149,1.704,4.77
-1.315,1.755,4.811
-1.436,1.769,4.801
-1.55,1.82,4.828
-1.623,1.835,4.883
-1.639,1.841,4.831
-1.639,1.855,4.804
-1.604,1.824,4.816
-1.475,1.757,4.777
-0.352,1.29,4.879
2.136,0.322,4.886
4.3,-0.181,4.877
6.182,-0.202,4.848
8.988,-0.242,4.748
11.393,-0.237,4.84
13.906,-0.236,4.767
14.859,-0.218,4.794
16.647,-0.177,4.776
19.015,-0.114,4.734
19.729,-0.058,4.772
20.06,-0.035,4.739
20.175,-0.028,4.708
20.386,-0.015,4.717
20.53,-0.009,4.736
20.599,-0.003,4.745
20.626,-0.003,4.69
20.661,-0.004,4.728
20.69,-0.002,4.621
20.754,-0.006,4.753
20.892,-0.011,4.654
21.108,-0.026,4.743
21.285,-0.032,4.614
21.441,-0.023,4.592
21.573,-0.015,4.62
21.637,0.005,4.59
21.671,0.011,4.566
21.695,-0.005,4.63
21.604,0.008,4.551
21.353,0.03,4.573
21.097,0.037,4.649
20.715,0.047,4.667
20.208,0.043,4.586
19.787,0.045,4.595
19.202,0.039,4.518
19.01,0.048,4.517
18.464,0.047,4.596
17.849,0.043,4.503
17.652,0.041,4.562
17.341,0.032,4.534
16.961,0.027,4.541
16.667,0.034,4.511
16.336,0.032,4.614
16.083,0.028,4.529
15.867,0.012,4.547
15.788,0.009,4.569
15.693,0.014,4.592
15.594,0.001,4.657
15.387,0.025,4.562
15.355,-0.018,4.646
15.172,0.004,4.659
15.159,0.009,4.591
15.065,0.022,4.563
15.014,0.019,4.63
14.968,0.019,4.72
14.881,0.028,4.614
14.777,0.015,4.707
14.618,0.008,4.556
14.315,0.013,4.713
14.192,0.008,4.619
14.08,0.006,4.71
14.003,0.002,4.666
13.857,0.022,4.73
13.703,0.017,4.655
13.47,0.01,4.611
13.41,0.035,4.723
13.065,0.06,4.675
12.763,0.056,4.696
12.543,0.018,4.766
12.35,0.021,4.8
12.329,0.006,4.764
12.369,0.001,4.743
12.466,-0.01,4.649
12.52,-0.001,4.737
12.576,-0.003,4.813
12.635,-0.006,4.819
12.684,0.001,4.751
12.677,0.002,4.776
12.668,0,4.723
12.668,0,4.775
12.677,-0.001,4.712
12.705,-0.004,4.829
12.715,-0.001,4.754
12.703,0.003,4.744
12.67,0.006,4.735
12.628,0.004,4.917
12.571,0.005,4.759
12.557,0,4.732
12.574,-0.004,4.782
12.59,-0.001,4.752
12.607,0.003,4.702
12.588,0,4.817
12.555,0.005,4.754
12.536,0.003,4.92
12.515,0.001,4.694
12.473,0.006,4.732
12.473,0,4.758
12.473,0,4.701
12.525,-0.004,4.74
12.595,-0.009,4.711
12.664,-0.006,4.694
12.683,-0.001,4.752
12.659,0.004,4.662
12.629,0.006,4.799
12.532,0.019,4.678
12.407,0.016,4.691
12.191,0.011,4.597
12.217,-0.007,4.617
12.327,-0.012,4.637
12.417,-0.009,4.731
12.528,-0.013,4.694
12.623,-0.008,4.636
12.689,-0.005,4.703
12.785,-0.012,4.761
12.882,-0.004,4.669
12.913,0,4.655
12.878,0.003,4.701
12.79,0,4.702
12.588,0.016,4.733
12.507,0.008,4.761
12.437,0.007,4.65
12.281,0.017,4.695
12.236,0.015,4.738
12.106,0.005,4.741
12.078,0.002,4.715
12.089,-0.001,4.677
12.089,0,4.699
12.07,0.005,4.713
12,0.009,4.697
11.886,0.014,4.709
11.719,0.013,4.723
11.568,-0.004,4.678
11.608,-0.008,4.755
11.679,-0.009,4.76
11.82,-0.011,4.746
11.919,-0.009,4.753
11.929,-0.003,4.787
11.948,-0.003,4.859
11.981,-0.007,4.807
12.07,-0.012,4.82
12.103,-0.002,4.775
12.162,-0.008,4.833
12.28,-0.015,4.806
12.313,0.005,4.832
12.2,0.016,4.793
12.033,0.022,4.804
11.839,0.02,4.895
11.693,0.014,4.906
11.494,0.011,4.958
11.358,-0.002,4.913
11.271,0.02,4.915
11.206,0.018,4.891
11.148,0.001,4.882
11.065,0.007,4.916
10.951,0.011,4.93
10.765,0.018,4.955
10.64,0.018,4.98
10.39,0.028,4.979
10.236,0.027,4.955
10.07,0.01,4.962
9.958,0.001,4.919
9.755,0.024,4.963
9.585,0.016,4.97
9.476,-0.005,4.909
9.34,0.005,4.951
9.23,0.015,4.987
9.246,-0.005,4.986
9.319,-0.013,4.895
9.407,-0.009,4.954
9.469,-0.003,5.034
9.567,-0.009,4.939
9.618,-0.001,4.974
9.522,0.015,4.943
9.344,0.015,5.049
9.171,0.012,4.961
9.012,0.013,4.912
8.746,0.02,4.922
8.595,0.023,4.966
8.441,0.024,4.864
8.363,0.023,4.838
8.242,0.02,4.841
8.107,0.023,4.849
7.998,0.007,4.801
7.899,0.01,4.852
7.737,0.017,4.801
7.477,0.037,4.765
7.201,0.041,4.764
7.02,0.005,4.809
6.86,0.02,4.824
6.826,0,4.82
6.848,-0.005,4.696
6.869,-0.007,4.716
6.878,-0.003,4.734
6.842,0.006,4.7
6.667,0.018,4.725
6.482,0.015,4.657
6.283,0.03,4.653
5.748,0.034,4.713
5.358,0.043,4.572
5.032,0.05,4.658
5.002,0.008,4.664
4.752,0.019,4.64
4.399,0.026,4.651
4.004,0.026,4.662
3.813,0.028,4.533
3.665,0.028,4.547
3.499,0.029,4.595
3.294,0.047,4.669
3.131,0.119,4.504
3.043,0.164,4.578
2.91,0.177,4.579
2.816,0.219,4.52
2.791,0.228,4.51
2.791,0.209,4.484
2.804,0.202,4.515
2.852,0.173,4.469
2.943,0.151,4.509
2.958,0.139,4.548
2.939,0.161,4.472
2.833,0.214,4.534
2.775,0.219,4.51
2.693,0.255,4.507
2.657,0.255,4.56
2.641,0.259,4.587
2.641,0.273,4.548
2.605,0.298,4.506
2.561,0.303,4.554
2.537,0.297,4.573
2.453,0.344,4.63
2.341,0.394,4.535
2.141,0.49,4.406
1.747,0.62,4.531
1.515,0.682,4.52
0.736,0.995,4.457
0.085,1.215,4.527
-0.564,1.397,4.625
-0.839,1.504,4.467
-1.014,1.59,4.59
-1.218,1.618,4.504
-1.599,1.805,4.619
-1.98,1.913,4.583
-2.347,2.08,4.555
-2.78,2.23,4.507
-3.569,2.499,4.529
-4.191,2.692,4.495
-4.578,2.817,4.603
-4.823,2.892,4.571
-4.897,2.912,4.539
-4.735,2.838,4.548
-4.172,2.588,4.534
-3.365,2.272,4.508
-2.039,1.757,4.591
-0.877,1.337,4.54
0.314,0.943,4.621
1.524,0.521,4.626
3.062,0.042,4.451
3.558,-0.065,4.561
3.976,-0.041,4.486
4.403,-0.034,4.502
4.536,-0.037,4.591
5.002,-0.053,4.582
5.687,-0.08,4.482
6.611,-0.094,4.502
7.433,-0.093,4.592
8.414,-0.108,4.595
9.683,-0.114,4.693
11.251,-0.136,4.575
12.964,-0.148,4.525
14.249,-0.151,4.52
15.773,-0.165,4.504
17.41,-0.174,4.543
20.26,0,4.452
22.321,-0.174,4.52
23.958,-0.173,4.524
26.699,-0.169,4.695
28.453,-0.168,4.566
29.816,-0.171,4.511
32.001,-0.178,4.422
32.714,-0.181,4.58
34.91,-0.185,4.678
36.437,-0.178,4.591
38.257,-0.169,4.603
39.927,-0.156,4.519
41.773,-0.141,4.527
42.859,-0.134,4.512
44.767,-0.099,4.476
45.751,-0.078,4.543
46.607,-0.078,4.53
47.388,-0.057,4.483
47.939,-0.049,4.523
48.418,-0.035,4.526
48.676,-0.032,4.568
49.038,-0.032,4.505
49.757,-0.034,4.514
50.101,-0.036,4.508
50.782,-0.046,4.58
51.328,-0.051,4.47
51.927,-0.052,4.625
52.62,-0.079,4.45
53.593,-0.112,4.568
55.379,-0.158,4.639
56.912,-0.188,4.498
60.816,-0.211,4.587
63.192,-0.225,4.504
65.157,-0.214,4.614
66.978,-0.196,4.468
68.737,-0.157,4.503
70.131,-0.092,4.544
70.707,-0.032,4.537
70.874,-0.007,4.566
70.855,0.005,4.522
70.598,0.023,4.619
70.234,0.045,4.552
69.928,0.025,4.586
69.74,0.02,4.594
69.344,0.013,4.555
69.04,0.016,4.562
68.223,0.042,4.625
67.683,0.048,4.624
67.109,0.053,4.577
66.348,0.083,4.581
65.304,0.079,4.536
64.14,0.067,4.594
63.324,0.091,4.523
62.452,0.1,4.545
61.48,0.111,4.617
60.937,0.12,4.608
59.71,0.115,4.631
58.692,0.113,4.605
57.627,0.122,4.642
56.29,0.134,4.669
54.588,0.128,4.655
53.595,0.112,4.525
52.708,0.093,4.498
52.005,0.081,4.656
51.318,0.081,4.58
50.277,0.067,4.617
49.13,0.079,4.649
48.2,0.077,4.68
47.538,0.075,4.639
46.993,0.077,4.614
45.879,0.072,4.592
45.102,0.058,4.689
44.402,0.055,4.626
43.95,0.05,4.69
43.535,0.042,4.817
43.211,0.035,4.716
42.888,0.037,4.748
42.403,0.049,4.783
41.837,0.063,4.741
40.971,0.063,4.736
40.498,0.051,4.705
40.129,0.035,4.734
39.877,0.03,4.822
39.718,-0.001,4.739
39.617,0.009,4.692
39.495,0.013,4.74
39.36,0.013,4.676
39.212,0.015,4.794
39.087,0.011,4.743
39.029,0.002,4.736
39.119,-0.012,4.725
39.244,-0.017,4.802
39.347,-0.011,4.778
39.392,-0.001,4.723
39.38,0.004,4.752
39.275,0.011,4.696
39.171,0.009,4.728
39.561,-0.01,4.765
39.65,-0.011,4.775
39.713,-0.006,4.841
39.845,-0.012,4.754
39.957,-0.013,4.717
40.067,-0.005,4.719
40.089,-0.003,4.714
40.029,0.011,4.691
39.914,0.02,4.853
39.754,0.028,4.727
39.502,0.029,4.712
39.342,0.014,4.742
39.251,0,4.721
39.136,0.009,4.691
39.09,0.002,4.682
39.134,-0.005,4.647
39.179,-0.009,4.669
39.403,-0.009,4.587
39.538,-0.016,4.716
39.719,-0.017,4.658
39.855,-0.016,4.642
40.024,-0.017,4.613
40.136,-0.012,4.764
40.248,-0.008,4.679
40.315,-0.005,4.796
40.356,0.003,4.602
40.434,-0.008,4.629
40.692,-0.018,4.605
40.872,-0.017,4.663
41.109,-0.03,4.632
41.323,-0.035,4.725
41.479,-0.009,4.572
41.613,-0.013,4.6
41.701,-0.005,4.684
41.724,0,4.638
41.725,0.001,4.66
41.736,0,4.64
41.714,0.003,4.635
41.714,0,4.698
41.724,-0.003,4.623
41.768,-0.006,4.594
41.889,-0.01,4.72
41.965,-0.001,4.5
42.009,-0.007,4.507
42.074,-0.008,4.644
42.14,-0.01,4.544
42.238,-0.01,4.605
42.304,-0.008,4.614
42.358,-0.006,4.573
42.402,-0.001,4.583
42.435,-0.001,4.571
42.445,0,4.545
42.444,0,4.606
42.455,-0.001,4.573
42.499,-0.001,4.639
42.521,-0.001,4.616
42.576,-0.011,4.628
42.631,-0.005,4.613
42.676,-0.01,4.495
42.808,-0.013,4.704
43.089,-0.01,4.497
43.271,-0.011,4.694
43.35,-0.007,4.663
43.384,-0.001,4.572
43.416,-0.003,4.632
43.446,-0.004,4.639
43.478,-0.009,4.603
43.533,-0.005,4.582
43.634,-0.007,4.703
43.724,-0.012,4.654
43.791,-0.01,4.602
43.855,-0.007,4.642
43.853,-0.003,4.629
43.817,0.004,4.582
43.77,0.004,4.63
43.759,0,4.61
43.737,0,4.66
43.726,0.002,4.581
43.692,0.005,4.631
43.611,0.005,4.648
43.509,0.002,4.622
43.476,0.001,4.534
43.454,0.004,4.57
43.442,0.003,4.61
43.326,0.009,4.634
43.268,0.003,4.654
43.28,-0.003,4.648
43.328,-0.003,4.543
43.356,-0.002,4.604
43.188,0.022,4.6
42.833,0.041,4.595
42.377,0.058,4.571
41.483,0.077,4.637
40.665,0.092,4.697
39.761,0.089,4.632
38.848,0.09,4.621
37.772,0.07,4.676
36.884,0.039,4.65
36.747,0.031,4.577
36.577,0.019,4.668
36.465,-0.002,4.611
36.363,0,4.63
36.06,0.037,4.724
35.836,0.026,4.667
35.679,-0.002,4.676
35.569,-0.006,4.639
35.177,0.037,4.699
35.099,0.006,4.606
34.827,0.062,4.73
34.799,0.062,4.744
34.66,0.037,4.722
34.741,-0.062,4.705
34.033,0.104,4.682
33.698,0.122,4.735
33.364,0.136,4.731
32.897,0.064,4.74
32.873,0.04,4.743
32.347,0.083,4.66
31.69,0.046,4.783
30.96,0.027,4.725
30.364,0.052,4.694
29.974,0.055,4.73
29.021,0.096,4.709
28.103,0.101,4.693
27.331,0.11,4.746
26.427,0.097,4.763
25.331,0.085,4.707
24.503,0.071,4.75
23.994,0.071,4.691
23.454,0.057,4.699
22.737,0.063,4.684
22.114,0.063,4.746
21.472,0.069,4.84
20.552,0.09,4.794
19.704,0.097,4.744
18.792,0.084,4.759
18.111,0.067,4.819
17.585,0.06,4.787
16.882,0.057,4.636
16.358,0.066,4.746
15.771,0.072,4.765
14.883,0.087,4.668
13.654,0.1,4.77
12.728,0.086,4.787
12.069,0.076,4.709
11.419,0.063,4.723
10.742,0.057,4.754
10.101,0.047,4.67
9.559,0.045,4.692
9.429,0.039,4.717
8.988,0.039,4.752
8.606,0.035,4.714
8.284,0.042,4.711
7.936,0.034,4.676
7.546,0.032,4.649
7.178,0.018,4.572
6.78,0.041,4.711
6.463,0.027,4.613
6.061,0.039,4.65
5.424,0.066,4.7
4.51,0,4.751
3.901,0.064,4.633
3.593,0.076,4.691
2.779,0.064,4.748
2.525,0.075,4.622
1.779,0.072,4.7
0.889,0.075,4.687
0.24,0.059,4.691
-0.188,0.056,4.737
-0.571,0.152,4.591
-0.672,0.271,4.603
-1.046,0.044,4.631
-1.553,0.273,4.601
-1.553,0.272,4.615
-1.558,0.215,4.643
-1.609,0.267,4.667
-1.449,0.272,4.639
-1.267,0.283,4.664
-1.219,0.207,4.682
-1.198,0.265,4.689
-1.137,0.28,4.659
-1.15,0.319,4.595
-1.249,0.283,4.664
-1.492,0.212,4.547
-1.529,0.389,4.597
-1.63,0.118,4.64
-1.782,0.31,4.579
-1.694,0.37,4.572
-1.784,0.26,4.722
-1.97,0.314,4.616
-1.789,0.626,4.596
-1.812,0.363,4.698
-2.124,0.429,4.564
-1.995,0.618,4.633
-2.197,0.358,4.561
-2.382,0.608,4.666
-2.498,0.454,4.658
-2.504,0.742,4.664
-2.453,0.679,4.557
-2.468,0.709,4.551
-2.536,0.481,4.643
-2.732,0.532,4.566
-2.458,0.618,4.676
-2.537,0.502,4.636
-2.339,0.69,4.615
-2.411,0.633,4.69
-2.651,0.653,4.595
-2.428,0.747,4.684
-2.44,0.52,4.626
-2.461,0.759,4.604
-2.514,0.631,4.617
-2.695,0.657,4.595
-2.957,0.764,4.63
-3.067,0.757,4.675
-3.174,0.882,4.616
-3.094,0.954,4.651
-3.229,0.878,4.686
-3.361,1.018,4.599
-3.108,0.973,4.657
-3.149,0.789,4.55
-3.23,0.952,4.597
-3.418,0.762,4.616
-3.577,0.951,4.575
-3.628,1.011,4.598
-3.613,0.887,4.669
-3.655,0.967,4.577
-3.542,1.12,4.538
-3.546,0.901,4.583
-3.74,0.853,4.438
-3.866,1.013,4.581
-4.214,0.801,4.563
-4.1,1.021,4.601
-3.826,0.937,4.568
-3.698,0.992,4.515
-3.749,0.962,4.524
-3.838,0.894,4.574
-3.918,0.907,4.571
-3.758,0.944,4.492
-3.717,0.956,4.572
-3.908,0.835,4.607
-4.006,1.054,4.602
-3.92,1.112,4.595
-3.937,1.122,4.589
-4.075,1.155,4.639
-4.17,1.165,4.599
-4.115,1.276,4.597
-4.129,1.186,4.568
-4.167,1.199,4.591
-4.256,1.155,4.596
-4.116,1.146,4.657
-3.962,1.108,4.651
-3.771,1.198,4.722
-3.543,1.098,4.686
-3.272,1.179,4.557
-3.101,1.059,4.696
-3.432,0.861,4.799
-3.415,1.184,4.727
-2.846,1.202,4.709
-2.447,0.882,4.649
-2.379,0.838,4.63
-2.676,0.784,4.665
-2.648,0.702,4.673
-2.617,0.823,4.595
-2.626,0.851,4.56
-2.887,0.73,4.6
-3.445,0.872,4.569
-3.574,0.989,4.652
-3.541,0.878,4.608
-3.341,1.004,4.596
-3.218,0.875,4.546
-3.229,0.839,4.601
-3.29,0.717,4.609
-3.316,0.893,4.503
-3.319,0.902,4.593
-3.533,0.691,4.567
-3.657,0.97,4.524
-3.375,0.777,4.62
-3.346,0.657,4.569
-3.214,0.879,4.581
-3.067,0.692,4.571
-3.051,0.726,4.622
-3.257,0.787,4.601
-3.25,0.884,4.667
-3.307,0.879,4.624
-3.206,0.999,4.593
-3.117,0.866,4.656
-3.114,0.772,4.655
-2.941,0.862,4.529
-2.824,0.825,4.532
-3.059,0.597,4.643
-3.431,0.761,4.606
-3.291,0.972,4.581
-3.018,0.764,4.649
-3.168,0.778,4.597
-3.169,0.945,4.576
-3.07,0.768,4.505
-3.103,0.734,4.624
-3.513,0.722,4.575
-3.574,1.049,4.654
-3.413,0.838,4.687
-3.066,0.902,4.57
-2.773,0.882,4.639
-2.737,0.575,4.626
-2.757,0.745,4.645
-2.727,0.721,4.591
-2.82,0.817,4.707
-3.025,0.755,4.782
-2.921,1.006,4.66
-2.584,1.065,4.755
-2.554,0.753,4.669
-2.422,0.913,4.644
-2.4,0.645,4.535
-2.858,0.612,4.67
-3.697,0.864,4.747
-3.491,1.106,4.751
-3.011,1.1,4.768
-2.66,0.982,4.848
-2.5,0.975,4.801
-2.061,1.038,4.651
-1.85,0.858,4.637
-2.635,0.845,4.662
-2.836,0.82,4.683
-2.712,0.791,4.725
-2.707,0.864,4.76
-2.671,0.96,4.612
-2.523,0.997,4.754
-2.655,0.677,4.664
-2.504,0.947,4.686
-2.427,0.697,4.736
-2.712,0.902,4.851
-2.514,0.901,4.706
-2.144,1.077,4.714
-2.407,0.852,4.685
-2.497,0.869,4.742
-2.484,0.781,4.705
-2.473,0.939,4.714
-2.613,0.897,4.678
-2.665,0.849,4.758
-2.703,0.854,4.784
-2.582,1.011,4.72
-2.354,0.998,4.757
-2.488,0.898,4.73
-2.394,0.932,4.767
-2.386,0.874,4.687
-2.426,0.988,4.692
-2.539,0.82,4.745
-2.717,0.897,4.74
-2.643,0.989,4.705
-2.638,0.984,4.721
-2.737,0.934,4.737
-2.698,0.949,4.771
-2.716,1.006,4.707
-2.626,1.048,4.693
-2.731,0.934,4.735
-2.91,0.996,4.743
-3.019,1.126,4.841
-2.91,1.07,4.802
-2.724,1.265,4.705
-2.622,1.14,4.77
-2.809,0.97,4.735
-2.888,1.148,4.773
-2.877,1.059,4.732
-2.795,1.12,4.668
-2.784,1.007,4.765
-2.928,0.898,4.797
-2.881,1.125,4.664
-2.518,1.08,4.68
-3.068,1.001,4.725
-3.305,1.097,4.644
-3.114,1.091,4.682
-3.158,0.935,4.723
-3.384,1.13,4.715
-3.253,1.165,4.765
-3.12,1.093,4.558
-2.985,1.155,4.635
-3.337,0.77,4.701
-3.772,1.166,4.782
-3.395,1.107,4.658
-3.007,1.232,4.612
-3.153,0.97,4.673
-3.447,0.965,4.667
-3.25,1.002,4.724
-3.306,1.052,4.647
-3.342,1.215,4.745
-3.489,1.066,4.614
-3.394,1.255,4.647
-3.439,0.926,4.628
-3.692,1.124,4.63
-3.786,1.119,4.549
-3.915,1.168,4.666
-4.068,0.987,4.623
-3.989,1.261,4.682
-3.837,1.105,4.598
-3.82,1.253,4.551
-3.91,1.097,4.587
-4.123,1.044,4.631
-4.098,1.091,4.709
-3.957,1.154,4.654
-3.682,1.261,4.594
-3.66,1.12,4.614
-3.879,1.059,4.614
-3.876,1.073,4.539
-3.926,1.126,4.705
-4.137,1.001,4.65
-3.687,1.238,4.695
-3.653,1.126,4.627
-3.736,1.253,4.575
-3.805,0.975,4.578
-3.974,1.042,4.536
-4.207,1.143,4.62
-4.393,1.1,4.657
-4.408,1.315,4.514
-4.281,1.349,4.658
-4.53,1.115,4.526
-4.458,1.423,4.571
-4.46,1.136,4.55
-4.468,1.188,4.538
-4.373,1.094,4.523
-4.5,1.149,4.532
-4.67,1.177,4.619
-4.713,1.204,4.544
-4.478,1.314,4.574
-4.415,1.11,4.53
-4.515,1.225,4.627
-4.645,1.17,4.576
-4.424,1.295,4.595
-4.388,1.188,4.56
-4.493,1.302,4.542
-4.576,1.238,4.653
-4.626,1.2,4.494
-4.457,1.42,4.649
-4.5,1.037,4.611
-4.358,1.364,4.583
-4.233,1.232,4.624
-4.384,1.231,4.674
-4.341,1.303,4.677
-4.029,1.322,4.576
-4.098,1.373,4.608
-4.291,1.179,4.574
-4.346,1.266,4.576
-4.32,1.172,4.665
-4.352,1.193,4.636
-4.221,1.374,4.635
-4.024,1.225,4.605
-4.13,1.282,4.561
-4.298,1.268,4.588
-4.54,1.24,4.641
-4.54,1.301,4.627
-4.364,1.36,4.52
-4.288,1.313,4.622
-4.498,1.121,4.642
-4.533,1.377,4.659
-4.353,1.355,4.649
-4.233,1.384,4.593
-4.251,1.354,4.663
-4.338,1.25,4.674
-4.279,1.409,4.744
-4.063,1.346,4.764
-3.859,1.46,4.751
-3.586,1.421,4.75
-3.542,1.384,4.766
-3.526,1.372,4.751
-3.503,1.404,4.66
-3.501,1.372,4.691
-3.705,1.229,4.66
-3.876,1.353,4.726
-3.923,1.283,4.768
-3.908,1.446,4.69
-3.774,1.498,4.824
-3.845,1.345,4.704
-3.765,1.657,4.78
-3.674,1.343,4.823
-3.491,1.437,4.704
-3.344,1.467,4.75
-3.567,1.309,4.759
-3.672,1.456,4.744
-3.553,1.378,4.808
-3.427,1.302,4.816
-3.22,1.392,4.685
-2.992,1.358,4.776
-3.123,1.082,4.726
-3.123,1.291,4.833
-3.022,1.127,4.744
-2.927,1.383,4.719
-2.947,1.162,4.803
-3.201,1.211,4.775
-3.134,1.381,4.69
-2.954,1.237,4.722
-3.118,1.098,4.81
-3.363,1.274,4.8
-3.158,1.403,4.828
-2.958,1.307,4.664
-2.924,1.37,4.791
-3.39,1.132,4.778
-3.286,1.399,4.757
-3.142,1.354,4.8
-3.359,1.471,4.758
-3.252,1.413,4.757
-3.221,1.323,4.755
-3.331,1.366,4.793
-3.407,1.37,4.681
-3.331,1.438,4.775
-3.467,1.211,4.742
-3.573,1.491,4.696
-3.383,1.307,4.726
-3.456,1.235,4.691
-3.56,1.359,4.77
-3.573,1.266,4.698
-3.502,1.444,4.735
-3.552,1.298,4.756
-3.621,1.399,4.653
-3.548,1.418,4.668
-3.862,1.305,4.678
-3.974,1.341,4.775
-3.875,1.325,4.736
-3.682,1.507,4.692
-3.452,1.323,4.622
-3.421,1.213,4.719
-3.611,1.114,4.677
-3.573,1.343,4.712
-3.541,1.212,4.655
-3.64,1.352,4.704
-3.714,1.23,4.695
-3.749,1.367,4.675
-3.732,1.333,4.593
-3.831,1.33,4.605
-4.185,1.264,4.667
-4.277,1.293,4.589
-4.23,1.437,4.699
-4.321,1.278,4.668
-4.326,1.555,4.693
-4.147,1.392,4.599
-3.922,1.388,4.696
-3.961,0,4.575
-3.845,1.361,4.591
-3.835,1.057,4.67
-4.037,1.188,4.675
-4.006,1.366,4.665
-3.857,1.327,4.605
-3.882,1.316,4.661
-4.056,1.221,4.68
-3.926,1.374,4.628
-3.92,1.371,4.598
-4.052,1.298,4.611
-4.166,0,4.557
-4.247,1.316,4.591
-4.374,1.227,4.6
-4.517,1.366,4.529
-4.606,1.415,4.6
-4.898,1.352,4.681
-4.812,1.44,4.55
-4.511,1.567,4.588
-4.479,1.242,4.632
-4.607,1.385,4.504
-4.475,1.432,4.63
-4.459,1.124,4.56
-4.291,1.352,4.568
-4.398,1.255,4.595
-4.513,1.328,4.577
-4.463,1.349,4.599
-4.402,1.285,4.648
-4.459,1.382,4.605
-4.381,1.472,4.64
-4.32,1.336,4.491
-4.332,1.436,4.57
-4.585,1.157,4.617
-4.776,1.426,4.571
-4.567,1.437,4.596
-4.525,1.322,4.513
-4.631,1.442,4.593
-4.655,1.232,4.555
-4.491,1.362,4.58
-4.417,1.254,4.632
-4.478,1.359,4.541
-4.4,1.449,4.521
-4.404,1.224,4.615
-4.675,1.288,4.585
-4.455,1.405,4.654
-4.304,1.308,4.685
-4.276,1.464,4.576
-4.015,1.427,4.576
-4.003,1.202,4.651
-4.119,1.218,4.638
-4.017,1.365,4.57
-3.955,1.319,4.614
-4.281,1.298,4.639
-4.34,1.406,4.69
-4.194,1.403,4.557
-3.932,1.429,4.643
-4.028,1.168,4.643
-4.052,1.387,4.625
-3.749,1.266,4.64
-3.809,1.252,4.666
-3.708,1.249,4.66
-3.676,1.305,4.666
-3.684,1.299,4.645
-3.692,1.262,4.628
-3.716,1.272,4.546
-3.783,1.258,4.744
-3.943,1.11,4.678
-3.554,1.431,4.632
-3.484,1.298,4.647
-3.616,1.239,4.703
-3.718,1.291,4.607
-3.591,1.378,4.758
-3.585,1.139,4.674
-3.488,1.48,4.71
-3.351,1.23,4.695
-3.334,1.3,4.769
-3.265,1.249,4.706
-3.189,1.415,4.628
-3.18,1.261,4.65
-3.393,1.139,4.676
-3.581,1.258,4.739
-3.571,1.316,4.733
-3.466,1.423,4.749
-3.401,1.394,4.633
-3.353,1.418,4.727
-3.446,1.159,4.696
-3.534,1.435,4.668
-3.478,1.323,4.628
-3.931,1.433,4.726
-4.02,1.337,4.731
-3.91,1.545,4.727
-3.608,1.437,4.813
-3.456,1.392,4.795
-3.268,1.543,4.813
-2.89,1.361,4.826
-2.842,1.405,4.747
-2.821,1.443,4.749
-2.904,1.276,4.711
-3.095,1.348,4.814
-3.281,1.318,4.71
-3.254,1.554,4.738
-3.522,1.399,4.795
-3.564,1.476,4.696
-3.433,1.572,4.726
-3.442,1.332,4.702
-3.509,1.418,4.75
-3.497,1.355,4.743
-3.452,1.462,4.728
-3.365,1.425,4.742
-3.341,1.365,4.752
-3.245,1.36,4.764
-3.114,1.338,4.714
-2.99,1.337,4.731
-3.027,1.23,4.67
-3.182,1.331,4.647
-3.344,1.241,4.661
-3.629,1.282,4.778
-3.649,1.309,4.782
-3.529,1.557,4.68
-3.268,1.472,4.625
-3.337,1.248,4.748
-3.638,1.233,4.656
-3.524,1.461,4.669
-3.463,1.22,4.634
-3.748,1.391,4.599
-3.822,1.306,4.647
-3.914,1.241,4.716
-3.893,1.351,4.631
-3.734,1.457,4.658
-3.851,1.322,4.665
-3.892,1.384,4.623
-3.876,1.407,4.659
-4.073,1.375,4.675
-4.105,1.465,4.688
-4.098,1.494,4.592
-4.059,1.522,4.608
-4.327,1.391,4.646
-4.399,1.439,4.567
-4.288,0,4.613
-4.402,1.34,4.461
-4.454,1.449,4.533
-4.618,0,4.614
-4.865,1.423,4.608
-4.701,1.547,4.649
-4.497,1.466,4.63
-4.468,1.567,4.53
-4.304,1.179,4.565
-4.596,1.314,4.598
-4.658,1.407,4.529
-4.604,1.463,4.524
-4.762,1.371,4.547
-4.917,1.384,4.474
-4.831,1.411,4.524
-5.014,1.304,4.538
-5.071,1.44,4.526
-5,1.441,4.446
-4.978,1.412,4.589
-5.158,1.283,4.552
-4.964,1.54,4.448
-4.828,1.434,4.397
-5.269,1.348,4.458
-5.46,1.248,4.514
-5.497,1.409,4.545
-5.39,1.51,4.521
-5.142,1.49,4.46
-5.004,1.395,4.513
-4.955,1.224,4.438
-4.971,1.377,4.578
-5.102,1.239,4.419
-4.987,1.526,4.513
-5.137,1.215,4.507
-5.309,1.507,4.434
-5.137,1.41,4.534
-5.256,1.282,4.484
-5.272,1.533,4.468
-5.142,1.352,4.541
-5.276,1.383,4.472
-5.223,1.538,4.534
-5.201,1.361,4.463
-5.259,1.539,4.529
-5.216,1.335,4.471
-5.133,1.47,4.451
-5.119,1.313,4.508
-5.203,1.303,4.553
-5.202,1.451,4.473
-4.974,1.467,4.502
-5.006,1.296,4.469
-5.149,1.43,4.463
-5.273,1.379,4.571
-5.377,1.403,4.593
-5.273,1.628,4.602
-5.029,1.584,4.505
-4.756,1.521,4.57
-4.776,1.302,4.46
-4.785,1.469,4.557
-4.772,1.184,4.488
-4.851,1.466,4.599
-4.942,1.327,4.617
-4.873,1.574,4.584
-4.755,1.577,4.585
-4.745,1.494,4.544
-4.724,1.493,4.62
-4.715,1.389,4.665
-4.649,1.558,4.68
-4.423,1.584,4.572
-4.169,1.533,4.686
-4.216,1.304,4.629
-4.255,1.59,4.665
-4.111,1.401,4.657
-4.061,1.49,4.64
-4.05,1.46,4.65
-4.102,1.438,4.616
-4.149,1.481,4.735
-4.231,1.427,4.686
-4.119,1.676,4.57
-3.979,1.503,4.663
-4.162,1.293,4.733
-4.245,1.546,4.613
-3.819,1.569,4.731
-3.884,1.323,4.709
-3.842,1.581,4.671
-3.631,1.353,4.789
-3.694,1.407,4.764
-3.712,1.71,4.665
-3.546,1.553,4.669
-3.665,1.396,4.686
-3.786,1.424,4.653
-3.799,1.477,4.702
-3.901,1.434,4.7
-3.896,1.546,4.708
-3.796,1.5,4.638
-3.768,1.522,4.708
-3.887,1.391,4.641
-3.9,1.561,4.631
-3.924,1.41,4.695
-4.093,1.435,4.606
-4.032,1.568,4.729
-4.05,1.357,4.71
-4.028,1.664,4.663
-3.823,1.535,4.674
-3.94,1.482,4.706
-4.024,1.534,4.644
-3.908,1.555,4.609
-3.864,1.391,4.593
-4.019,1.383,4.771
-4.175,1.378,4.635
-3.667,1.6,4.771
-3.81,1.372,4.645
-3.442,1.534,4.695
-3.458,1.285,4.621
-3.695,1.501,4.62
-3.711,1.296,4.696
-3.722,1.298,4.699
-3.656,1.454,4.574
-3.59,1.453,4.615
-3.783,1.219,4.626
-4.068,1.416,4.623
-4.116,1.459,4.585
-4.22,1.488,4.645
-4.29,1.416,4.64
-4.279,1.555,4.76
-4.108,1.471,4.647
-3.784,1.66,4.676
-3.762,1.389,4.618
-3.941,1.538,4.617
-4.091,1.438,4.625
-4.219,1.484,4.576
-4.325,1.534,4.582
-4.437,1.444,4.602
-4.554,1.497,4.588
-4.537,1.535,4.532
-4.526,1.498,4.58
-4.643,1.402,4.613
-4.624,1.511,4.689
-4.642,1.606,4.608
-4.549,1.757,4.535
-4.482,1.531,4.581
-4.728,1.462,4.649
-4.772,1.565,4.639
-4.65,1.693,4.644
-4.592,1.654,4.707
-4.659,1.702,4.683
-4.624,1.834,4.642
-4.47,1.712,4.6
-4.404,1.597,4.711
-4.428,1.503,4.625
-4.357,1.739,4.708
-4.234,1.483,4.659
-4.144,1.665,4.67
-4.088,1.53,4.666
-4.135,1.588,4.661
-4.112,1.561,4.632
-4.142,1.568,4.694
-4.293,1.56,4.664
-4.338,1.727,4.663
-4.367,1.661,4.761
-4.428,1.675,4.707
-4.007,1.753,4.775
-3.978,1.638,4.788
-3.904,1.772,4.664
-3.671,1.71,4.665
-3.656,1.414,4.807
-3.964,1.54,4.646
-3.814,1.82,4.831
-3.787,1.416,4.728
-3.81,1.891,4.704
-3.617,1.546,4.838
-3.699,1.537,4.713
-3.59,1.814,4.766
-3.497,1.479,4.722
-3.641,1.681,4.76
-3.782,1.615,4.754
-3.777,1.698,4.773
-3.748,1.671,4.788
-3.724,1.712,4.778
-3.627,1.712,4.749
-3.545,1.663,4.798
-3.655,1.637,4.743
-3.645,1.753,4.836
-3.685,1.632,4.781
-3.706,1.877,4.798
-3.705,1.733,4.86
-3.745,1.789,4.796
-3.586,1.874,4.833
-3.447,1.671,4.84
-3.409,1.763,4.773
-3.279,1.725,4.852
-3.258,1.559,4.803
-3.268,1.766,4.762
-3.206,1.52,4.779
-3.344,1.576,4.687
-3.352,1.61,4.748
-3.465,1.424,4.782
-3.494,1.582,4.785
-3.332,1.603,4.832
-3.341,1.632,4.877
-3.399,1.772,4.861
-3.275,1.83,4.899
-3.217,1.777,4.852
-3.172,1.855,4.729
-3.09,1.701,4.776
-3.205,1.448,4.723
-3.377,1.611,4.803
-3.683,1.599,4.778
-3.532,1.72,4.87
-3.52,1.665,4.8
-3.298,1.8,4.762
-3.239,1.611,4.813
-3.296,1.562,4.698
-3.387,1.707,4.772
-3.494,1.458,4.62
-3.636,1.695,4.758
-3.814,1.376,4.674
-3.864,1.732,4.644
-3.733,1.458,4.768
-3.812,1.736,4.637
-3.626,1.659,4.687
-3.621,1.343,4.669
-3.775,1.524,4.767
-3.759,1.456,4.648
-3.597,1.647,4.602
-3.69,1.395,4.685
-4.157,1.465,4.664
-4.195,1.666,4.568
-4.201,1.614,4.569
-4.397,1.452,4.549
-4.648,1.537,4.543
-4.716,1.494,4.564
-4.755,1.497,4.558
-4.806,1.566,4.505
-4.863,1.573,4.546
-4.889,1.449,4.486
-4.916,1.56,4.517
-4.953,1.419,4.53
-5.054,1.541,4.513
-5.098,1.592,4.413
-5.237,1.602,4.447
-5.462,1.435,4.493
-5.695,1.585,4.485
-5.622,1.663,4.38
-5.594,1.644,4.449
-5.781,1.446,4.478
-5.82,1.624,4.41
-5.691,1.663,4.438
-5.771,1.512,4.49
-5.838,1.608,4.343
-5.744,1.7,4.391
-5.754,1.458,4.356
-5.914,1.517,4.386
-5.987,1.445,4.393
-6.028,1.537,4.309
-6.042,1.556,4.475
-6.083,1.355,4.425
-5.783,1.686,4.442
-5.886,1.595,4.438
-5.902,1.637,4.385
-5.887,1.627,4.389
-5.979,1.527,4.39
-6.067,1.563,4.387
-6.137,1.593,4.443
-6.19,1.749,4.439
-6.189,1.745,4.497
-6.162,1.725,4.445
-6.158,1.868,4.489
-6.177,1.745,4.383
-6.21,1.874,4.44
-6.307,1.642,4.545
-6.399,1.802,4.508
-6.199,1.994,4.491
-6.03,1.848,4.391
-6.033,1.818,4.437
-6.157,1.614,4.495
-6.248,1.751,4.486
-6.234,1.898,4.456
-6.263,1.891,4.519
-6.314,1.828,4.509
-6.282,1.973,4.46
-6.211,1.922,4.573
-6.32,1.851,4.653
-6.199,2.073,4.617
-5.875,2.155,4.591
-5.61,1.986,4.553
-5.63,1.947,4.591
-5.652,1.851,4.519
-5.618,1.939,4.545
-5.625,1.763,4.642
-5.7,1.857,4.629
-5.585,2.05,4.699
-5.356,1.938,4.616
-5.244,2.086,4.699
-5.2,1.865,4.686
-5.182,2.069,4.679
-5.048,1.981,4.669
-4.945,1.931,4.675
-4.945,1.914,4.793
-4.954,1.931,4.678
-4.82,2.176,4.715
-4.664,1.827,4.716
-4.676,1.94,4.716
-4.614,1.912,4.723
-4.551,1.894,4.726
-4.494,1.898,4.805
-4.507,1.908,4.748
-4.286,2.016,4.781
-4.235,1.874,4.668
-4.291,1.98,4.781
-4.386,1.732,4.695
-4.374,2.001,4.712
-4.272,1.743,4.73
-4.32,1.811,4.821
-4.229,1.818,4.824
-4.021,1.967,4.804
-3.73,1.875,4.858
-3.658,1.818,4.842
-3.671,1.971,4.863
-3.613,1.957,4.935
-3.545,1.938,4.897
-3.411,2.069,4.818
-3.281,1.936,4.867
-3.361,1.774,4.853
-3.378,1.896,4.855
-3.426,1.884,4.917
-3.445,1.89,4.94
-3.344,2.01,4.943
-3.231,2.035,4.904
-3.18,2.03,4.949
-3.163,1.926,4.987
-3.046,1.993,4.93
-2.906,2.041,5.019
-2.833,1.88,4.961
-2.766,2.08,4.888
-2.663,1.891,5.027
-2.682,1.73,4.959
-2.498,1.984,4.989
-2.302,1.755,4.923
-2.353,1.881,4.932
-2.423,1.729,4.971
-2.499,1.774,4.956
-2.45,1.854,4.918
-2.477,1.829,4.908
-2.554,1.76,4.992
-2.584,1.741,4.928
-2.525,1.929,4.974
-2.611,1.815,4.898
-2.634,1.92,4.936
-2.696,1.764,4.939
-2.715,1.86,4.9
-2.657,1.836,5.005
-2.681,1.746,4.911
-2.546,1.967,4.885
-2.519,1.738,4.919
-2.671,1.733,4.948
-2.712,1.817,4.904
-2.637,1.862,4.921
-2.637,1.761,4.989
-2.689,1.825,4.864
-2.569,1.945,4.937
-2.566,1.635,4.957
-2.654,1.852,4.819
-2.591,1.88,4.86
-2.678,1.576,4.825
-2.884,1.755,4.914
-2.98,1.691,4.889
-2.9,1.878,4.779
-2.873,1.813,4.842
-2.997,1.588,4.858
-3.072,1.765,4.781
-2.983,1.764,4.735
-3.047,1.611,4.761
-3.345,1.606,4.756
-3.517,1.713,4.774
-3.511,1.694,4.786
-3.539,1.754,4.752
-3.512,1.768,4.732
-3.502,1.682,4.767
-3.512,1.633,4.694
-3.505,1.722,4.772
-3.691,1.612,4.687
-3.726,1.809,4.702
-3.754,1.61,4.705
-3.791,1.658,4.662
-3.809,1.662,4.619
-3.839,1.575,4.714
-4.006,1.528,4.659
-4.083,1.792,4.686
-4.058,1.637,4.641
-4.078,1.718,4.614
-4.063,1.594,4.617
-4.093,1.539,4.659
-4.098,1.548,4.691
-4.087,1.657,4.661
-4.052,1.729,4.599
-4.045,1.653,4.657
-4.162,1.544,4.618
-4.166,1.683,4.589
-4.176,1.591,4.634
-4.329,1.581,4.575
-4.439,1.716,4.574
-4.493,1.593,4.638
-4.517,1.593,4.576
-4.456,1.731,4.67
-4.45,1.58,4.661
-4.476,1.833,4.711
-4.373,1.763,4.577
-4.278,1.863,4.644
-4.302,1.538,4.638
-4.404,1.748,4.722
-4.363,1.703,4.647
-4.204,1.858,4.597
-4.203,1.677,4.697
-4.353,1.61,4.672
-4.356,1.852,4.761
-4.197,1.729,4.729
-4.179,1.956,4.659
-4.112,1.854,4.667
-4.142,1.691,4.733
-4.122,1.694,4.713
-4.062,1.847,4.762
-4.003,1.78,4.756
-3.967,1.894,4.838
-3.955,1.88,4.715
-3.825,2.029,4.824
-3.83,1.747,4.724
-3.797,1.994,4.762
-3.701,1.707,4.725
-3.723,1.825,4.77
-3.752,1.738,4.783
-3.758,1.855,4.827
-3.693,1.862,4.806
-3.574,1.929,4.856
-3.489,1.851,4.862
-3.471,1.981,4.821
-3.383,1.961,4.831
-3.416,1.878,4.825
-3.431,1.901,4.794
-3.421,1.884,4.847
-3.473,1.827,4.861
-3.403,1.93,4.923
-3.289,1.926,4.843
-3.179,2.049,4.856
-3.11,1.824,4.923
-3.143,1.876,4.877
-3,1.979,4.882
-2.865,1.817,4.861
-2.875,1.852,4.923
-2.932,1.817,4.838
-2.723,1.897,4.812
-2.832,1.732,4.903
-3.008,1.725,4.934
-2.944,1.916,4.921
-2.753,1.93,4.904
-2.739,0,4.939
-2.751,1.87,4.94
-2.734,1.952,4.858
-2.711,1.944,4.966
-2.894,1.818,4.868
-2.883,2.071,4.969
-2.8,1.791,5.002
-2.81,2.057,4.921
-2.614,2.054,5.045
-2.543,1.837,4.9
-2.474,2.125,4.96
-2.373,1.718,5.052
-2.4,1.898,5.024
-2.21,2.044,4.874
-2.026,1.916,4.929
-2.228,1.639,4.99
-2.317,1.781,4.875
-2.198,1.886,4.92
-2.464,1.705,4.866
-2.455,1.807,4.862
-2.494,1.684,4.854
-2.523,1.679,4.898
-2.496,1.648,4.912
-2.466,1.75,5.029
-2.423,2.076,4.973
-2.082,1.786,4.926
-2.028,1.809,4.891
-2.078,1.693,4.989
-2.094,1.607,4.908
-2.088,1.857,4.807
-2.079,1.648,4.893
-2.396,1.526,4.905
-2.509,1.756,4.757
-2.408,1.741,4.714
-2.527,1.427,4.847
-2.835,1.431,4.832
-2.884,1.762,4.908
-2.684,1.657,5.109
-2.694,1.856,5.003
-2.444,2.256,5.037
-1.931,1.828,5.115
-1.932,1.932,4.983
-1.723,2.037,4.96
-1.636,1.682,4.862
-1.795,1.704,4.827
-1.972,1.5,4.891
-2.122,1.453,4.75
-2.093,1.595,4.886
-2.124,1.252,4.921
-2.161,1.607,4.99
-2.082,1.669,4.947
-2.003,1.825,5.014
-2.038,1.739,4.947
-1.957,1.867,5.007
-1.95,1.705,4.965
-1.977,1.869,4.898
-1.939,1.744,4.895
-2.038,1.611,4.983
-2.007,1.586,5.002
-1.9,1.77,4.936
-1.79,1.781,4.919
-1.778,1.616,4.937
-1.831,1.591,4.971
